Id,Position,First Name,Nickname,Last Name,FPPG,Played,Salary,Game,Team,Opponent,Injury Indicator,Injury Details,Tier,,,Roster Position
94948-79970,WR,Cooper,Cooper Kupp,Kupp,20.049999237060547,2,9700,PIT@LAR,LAR,PIT,,,,,,WR/FLEX
94948-80001,RB,Austin,Austin Ekeler,Ekeler,16.299999237060547,2,9400,LAC@KC,LAC,KC,,,,,,RB/FLEX
94948-57439,QB,Patrick,Patrick Mahomes,Mahomes,20.203333536783855,6,9200,LAC@KC,KC,LAC,,,,,,QB
94948-29253,WR,Keenan,Keenan Allen,Allen,20.69199981689453,5,9200,LAC@KC,LAC,KC,,,,,,WR/FLEX
94948-25079,WR,Stefon,Stefon Diggs,Diggs,19.083333333333332,6,9000,BUF@NE,BUF,NE,,,,,,WR/FLEX
94948-62239,QB,Josh,Josh Allen,Allen,23.023333231608074,6,9000,BUF@NE,BUF,NE,Q,Shoulder,,,,QB
94948-103342,RB,Kenneth,Kenneth Walker III,Walker III,17.2,5,8800,ARI@SEA,SEA,ARI,,,,,,RB/FLEX
94948-33076,TE,Travis,Travis Kelce,Kelce,14.11999969482422,5,8500,LAC@KC,KC,LAC,,,,,,TE/FLEX
94948-104433,RB,Kyren,Kyren Williams,Williams,17.433333079020183,6,8500,PIT@LAR,LAR,PIT,D,Ankle,,,,RB/FLEX
94948-69189,QB,Justin,Justin Herbert,Herbert,23.263999938964844,5,8300,LAC@KC,LAC,KC,,,,,,QB
94948-64401,RB,Saquon,Saquon Barkley,Barkley,14.59999974568685,3,8300,WAS@NYG,NYG,WAS,,,,,,RB/FLEX
94948-91591,QB,Justin,Justin Fields,Fields,18.623332977294922,6,8200,LV@CHI,CHI,LV,D,Thumb,,,,QB
94948-86997,WR,Amon-Ra,Amon-Ra St. Brown,St. Brown,16.18000030517578,5,8200,DET@BAL,DET,BAL,,,,,,WR/FLEX
94948-72731,RB,Josh,Josh Jacobs,Jacobs,12.766666412353516,6,8000,LV@CHI,LV,CHI,,,,,,RB/FLEX
94948-63115,QB,Lamar,Lamar Jackson,Jackson,19.303333282470703,6,8000,DET@BAL,BAL,DET,,,,,,QB
94948-45889,WR,Davante,Davante Adams,Adams,14.09999974568685,6,8000,LV@CHI,LV,CHI,,,,,,WR/FLEX
94948-69017,QB,Jordan,Jordan Love,Love,19.244000244140626,5,7800,GB@DEN,GB,DEN,,,,,,QB
94948-73273,RB,David,David Montgomery,Montgomery,16.41999969482422,5,7800,DET@BAL,DET,BAL,Q,Ribs,,,,RB/FLEX
94948-73048,WR,DK,DK Metcalf,Metcalf,11.34000015258789,5,7700,ARI@SEA,SEA,ARI,,,,,,WR/FLEX
94948-40442,RB,Aaron,Aaron Jones,Jones,13.800000190734863,2,7700,GB@DEN,GB,DEN,Q,Hamstring,,,,RB/FLEX
94948-38435,QB,Jared,Jared Goff,Goff,19.87000020345052,6,7600,DET@BAL,DET,BAL,,,,,,QB
94948-32384,WR,Mike,Mike Evans,Evans,13.719999694824219,5,7600,ATL@TB,TB,ATL,,,,,,WR/FLEX
94948-63043,WR,DJ,DJ Moore,Moore,17.366666158040363,6,7500,LV@CHI,CHI,LV,,,,,,WR/FLEX
94948-54879,QB,Deshaun,Deshaun Watson,Watson,18.47333272298177,3,7500,CLE@IND,CLE,IND,Q,Shoulder,,,,QB
94948-136855,RB,Bijan,Bijan Robinson,Robinson,13.666666666666666,6,7500,ATL@TB,ATL,TB,,,,,,RB/FLEX
94948-104576,QB,Sam,Sam Howell,Howell,17.733333587646484,6,7400,WAS@NYG,WAS,NYG,,,,,,QB
94948-63634,WR,Jakobi,Jakobi Meyers,Meyers,14.5,5,7400,LV@CHI,LV,CHI,,,,,,WR/FLEX
94948-92575,RB,Isiah,Isiah Pacheco,Pacheco,13.116666158040365,6,7400,LAC@KC,KC,LAC,,,,,,RB/FLEX
94948-90562,RB,Brian,Brian Robinson Jr.,Robinson Jr.,13.166666666666666,6,7300,WAS@NYG,WAS,NYG,,,,,,RB/FLEX
94948-103020,WR,Puka,Puka Nacua,Nacua,16.1999994913737,6,7300,PIT@LAR,LAR,PIT,,,,,,WR/FLEX
94948-22015,QB,Russell,Russell Wilson,Wilson,17.866666158040363,6,7200,GB@DEN,DEN,GB,,,,,,QB
94948-56250,WR,Terry,Terry McLaurin,McLaurin,10.283333460489908,6,7200,WAS@NYG,WAS,NYG,,,,,,WR/FLEX
94948-63519,QB,Daniel,Daniel Jones,Jones,12.212000274658203,5,7100,WAS@NYG,NYG,WAS,Q,Neck,,,,QB
94948-110246,WR,George,George Pickens,Pickens,12.780000305175781,5,7100,PIT@LAR,PIT,LAR,,,,,,WR/FLEX
94948-91626,RB,James,James Cook,Cook,10.549999872843424,6,7000,BUF@NE,BUF,NE,,,,,,RB/FLEX
94948-69213,WR,Michael,Michael Pittman Jr.,Pittman Jr.,11.433333079020182,6,7000,CLE@IND,IND,CLE,,,,,,WR/FLEX
94948-26483,QB,Geno,Geno Smith,Smith,14.052000427246094,5,7000,ARI@SEA,SEA,ARI,,,,,,QB
94948-112745,WR,Drake,Drake London,London,9.796666463216146,6,6900,ATL@TB,ATL,TB,,,,,,WR/FLEX
94948-52436,TE,Mark,Mark Andrews,Andrews,11.88000030517578,5,6900,DET@BAL,BAL,DET,,,,,,TE/FLEX
94948-86278,QB,Desmond,Desmond Ridder,Ridder,15.09999974568685,6,6900,ATL@TB,ATL,TB,,,,,,QB
94948-31001,WR,Amari,Amari Cooper,Cooper,10.740000152587891,5,6800,CLE@IND,CLE,IND,,,,,,WR/FLEX
94948-54604,QB,Jimmy,Jimmy Garoppolo,Garoppolo,13.572000122070312,5,6800,LV@CHI,LV,CHI,Q,Back,,,,QB
94948-27050,WR,Tyler,Tyler Lockett,Lockett,10.11999969482422,5,6800,ARI@SEA,SEA,ARI,,,,,,WR/FLEX
94948-94534,WR,Gabe,Gabe Davis,Davis,11.066666920979818,6,6700,BUF@NE,BUF,NE,,,,,,WR/FLEX
94948-70027,RB,Zack,Zack Moss,Moss,19.31999969482422,5,6700,CLE@IND,IND,CLE,,,,,,RB/FLEX
94948-6654,QB,Matthew,Matthew Stafford,Stafford,15.196666717529297,6,6700,PIT@LAR,LAR,PIT,,,,,,QB
94948-86687,WR,Marquise,Marquise Brown,Brown,11.466667175292969,6,6700,ARI@SEA,ARI,SEA,,,,,,WR/FLEX
94948-57403,WR,Courtland,Courtland Sutton,Sutton,10,6,6600,GB@DEN,DEN,GB,,,,,,WR/FLEX
94948-90533,RB,Jerome,Jerome Ford,Ford,11.88000030517578,5,6600,CLE@IND,CLE,IND,,,,,,RB/FLEX
94948-40407,QB,Joshua,Joshua Dobbs,Dobbs,14.75,6,6600,ARI@SEA,ARI,SEA,,,,,,QB
94948-41535,QB,Baker,Baker Mayfield,Mayfield,15.444000244140625,5,6600,ATL@TB,TB,ATL,Q,Hand,,,,QB
94948-169776,WR,Christian,Christian Watson,Watson,9.800000190734863,2,6600,GB@DEN,GB,DEN,,,,,,WR/FLEX
94948-111540,RB,Rhamondre,Rhamondre Stevenson,Stevenson,9.166666666666666,6,6600,BUF@NE,NE,BUF,,,,,,RB/FLEX
94948-14377,QB,Tyrod,Tyrod Taylor,Taylor,3.9200000762939453,4,6500,WAS@NYG,NYG,WAS,,,,,,QB
94948-105646,TE,Sam,Sam LaPorta,LaPorta,10.833333333333334,6,6500,DET@BAL,DET,BAL,,,,,,TE/FLEX
94948-55635,WR,Chris,Chris Godwin,Godwin,9.740000152587891,5,6500,ATL@TB,TB,ATL,,,,,,WR/FLEX
94948-87418,WR,Joshua,Joshua Palmer,Palmer,6.7,5,6500,LAC@KC,LAC,KC,,,,,,WR/FLEX
94948-89675,RB,Jonathan,Jonathan Taylor,Taylor,6.449999809265137,2,6500,CLE@IND,IND,CLE,,,,,,RB/FLEX
94948-92020,QB,Kenny,Kenny Pickett,Pickett,11.655999755859375,5,6500,PIT@LAR,PIT,LAR,,,,,,QB
94948-61798,QB,Gardner,Gardner Minshew II,Minshew II,8.616000366210937,5,6400,CLE@IND,IND,CLE,,,,,,QB
94948-52613,WR,Curtis,Curtis Samuel,Samuel,10.333333333333334,6,6400,WAS@NYG,WAS,NYG,,,,,,WR/FLEX
94948-41827,QB,P.J.,P.J. Walker,Walker,5.78000020980835,1,6400,CLE@IND,CLE,IND,,,,,,QB
94948-93107,RB,AJ,AJ Dillon,Dillon,5.8799999237060545,5,6400,GB@DEN,GB,DEN,,,,,,RB/FLEX
94948-30761,QB,Nathan,Nathan Peterman,Peterman,3.086666742960612,3,6300,LV@CHI,CHI,LV,,,,,,QB
94948-93382,QB,Aidan,Aidan O'Connell,O'Connell,10.819999694824219,1,6300,LV@CHI,LV,CHI,,,,,,QB
94948-185776,QB,Tyson,Tyson Bagent,Bagent,6.71999979019165,1,6300,LV@CHI,CHI,LV,,,,,,QB
94948-90584,QB,Mac,Mac Jones,Jones,10.536666870117188,6,6300,BUF@NE,NE,BUF,,,,,,QB
94948-55830,RB,D'Onta,D'Onta Foreman,Foreman,5.300000190734863,2,6300,LV@CHI,CHI,LV,,,,,,RB/FLEX
94948-112295,WR,Zay,Zay Flowers,Flowers,10.233333587646484,6,6300,DET@BAL,BAL,DET,,,,,,WR/FLEX
94948-7872,QB,Brian,Brian Hoyer,Hoyer,3.7799999713897705,1,6300,LV@CHI,LV,CHI,,,,,,QB
94948-139985,QB,Bailey,Bailey Zappe,Zappe,1.5800000429153442,2,6300,BUF@NE,NE,BUF,,,,,,QB
94948-92975,QB,Malik,Malik Cunningham,Cunningham,0,1,6300,BUF@NE,NE,BUF,,,,,,QB
94948-53331,QB,Taylor,Taylor Heinicke,Heinicke,13.551111009385851,9,6200,ATL@TB,ATL,TB,,,,,,QB
94948-94370,WR,Romeo,Romeo Doubs,Doubs,10.259999847412109,5,6200,GB@DEN,GB,DEN,,,,,,WR/FLEX
94948-45229,RB,Kareem,Kareem Hunt,Hunt,6.766666412353516,3,6200,CLE@IND,CLE,IND,Q,Thigh,,,,RB/FLEX
94948-129315,QB,Anthony,Anthony Richardson,Richardson,18.420000076293945,4,6200,CLE@IND,IND,CLE,IR,Shoulder - ac joint,,,,QB
94948-129368,RB,Jahmyr,Jahmyr Gibbs,Gibbs,7.974999904632568,4,6200,DET@BAL,DET,BAL,Q,Hamstring,,,,RB/FLEX
94948-64051,QB,Drew,Drew Lock,Lock,3.619999885559082,1,6200,ARI@SEA,SEA,ARI,,,,,,QB
94948-38628,QB,Mitch,Mitch Trubisky,Trubisky,0.7200000286102295,1,6200,PIT@LAR,PIT,LAR,,,,,,QB
94948-61157,QB,Brett,Brett Rypien,Rypien,5.505000114440918,4,6200,PIT@LAR,LAR,PIT,,,,,,QB
94948-86200,QB,Sean,Sean Clifford,Clifford,0,1,6100,GB@DEN,GB,DEN,,,,,,QB
94948-103824,QB,Easton,Easton Stick,Stick,,,6100,LAC@KC,LAC,KC,,,,,,QB
94948-91583,QB,Stetson,Stetson Bennett,Bennett,,,6100,PIT@LAR,LAR,PIT,IR,Illness,,,,QB
94948-90575,RB,Najee,Najee Harris,Harris,6.179999923706054,5,6100,PIT@LAR,PIT,LAR,,,,,,RB/FLEX
94948-60947,QB,Jarrett,Jarrett Stidham,Stidham,15.213333129882812,3,6100,GB@DEN,DEN,GB,,,,,,QB
94948-30231,QB,Jacoby,Jacoby Brissett,Brissett,12.472856794084821,14,6100,WAS@NYG,WAS,NYG,,,,,,QB
94948-137902,RB,Rachaad,Rachaad White,White,9,5,6100,ATL@TB,TB,ATL,,,,,,RB/FLEX
94948-69304,QB,Kyle,Kyle Trask,Trask,0.9200000166893005,1,6100,ATL@TB,TB,ATL,,,,,,QB
94948-90813,QB,Clayton,Clayton Tune,Tune,,,6100,ARI@SEA,ARI,SEA,,,,,,QB
94948-91898,QB,Dorian,Dorian Thompson-Robinson,Thompson-Robinson,4.239999771118164,1,6100,CLE@IND,CLE,IND,,,,,,QB
94948-8023,QB,Josh,Josh Johnson,Johnson,0.9300000071525574,2,6100,DET@BAL,BAL,DET,,,,,,QB
94948-53095,QB,Kyle,Kyle Allen,Allen,-0.23333332935969034,3,6100,BUF@NE,BUF,NE,,,,,,QB
94948-53097,WR,Josh,Josh Reynolds,Reynolds,12.319999694824219,5,6100,DET@BAL,DET,BAL,,,,,,WR/FLEX
94948-14194,QB,Blaine,Blaine Gabbert,Gabbert,-0.8600000143051147,1,6100,LAC@KC,KC,LAC,,,,,,QB
94948-85983,QB,Hendon,Hendon Hooker,Hooker,,,6100,DET@BAL,DET,BAL,IR,Knee - acl,,,,QB
94948-52342,QB,Will,Will Grier,Grier,,,6000,BUF@NE,NE,BUF,,,,,,QB
94948-27801,QB,Nate,Nate Sudfeld,Sudfeld,-0.20000000298023224,2,6000,DET@BAL,DET,BAL,IR,Knee - acl,,,,QB
94948-69833,QB,Shane,Shane Buechele,Buechele,,,6000,BUF@NE,BUF,NE,,,,,,QB
94948-45259,QB,Logan,Logan Woodside,Woodside,,,6000,ATL@TB,ATL,TB,,,,,,QB
94948-54507,QB,Alex,Alex McGough,McGough,,,6000,GB@DEN,GB,DEN,,,,,,QB
94948-11500,QB,Colt,Colt McCoy,McCoy,8.949999809265137,4,6000,ARI@SEA,ARI,SEA,,,,,,QB
94948-185629,QB,Tim,Tim DeMorat,DeMorat,,,6000,WAS@NYG,WAS,NYG,,,,,,QB
94948-185640,QB,Dresser,Dresser Winn,Winn,,,6000,PIT@LAR,LAR,PIT,,,,,,QB
94948-91468,QB,Chase,Chase Garbers,Garbers,,,6000,LV@CHI,LV,CHI,,,,,,QB
94948-93541,RB,Javonte,Javonte Williams,Williams,6.320000076293946,5,6000,GB@DEN,DEN,GB,,,,,,RB/FLEX
94948-91511,QB,Holton,Holton Ahlers,Ahlers,,,6000,ARI@SEA,SEA,ARI,,,,,,QB
94948-88440,QB,Braxton,Braxton Burmeister,Burmeister,,,6000,PIT@LAR,LAR,PIT,,,,,,QB
94948-52606,QB,David,David Blough,Blough,10.289999961853027,2,6000,DET@BAL,DET,BAL,,,,,,QB
94948-92560,QB,Sam,Sam Ehlinger,Ehlinger,9.654999732971191,4,6000,CLE@IND,IND,CLE,,,,,,QB
94948-73118,QB,Ian,Ian Book,Book,,,6000,BUF@NE,NE,BUF,,,,,,QB
94948-70051,QB,Tyler,Tyler Huntley,Huntley,0.800000011920929,1,6000,DET@BAL,BAL,DET,,,,,,QB
94948-185773,QB,Nolan,Nolan Henderson,Henderson,,,6000,DET@BAL,BAL,DET,,,,,,QB
94948-25011,TE,Darren,Darren Waller,Waller,7.033333460489909,6,6000,WAS@NYG,NYG,WAS,,,,,,TE/FLEX
94948-90561,WR,Jerry,Jerry Jeudy,Jeudy,6.44000015258789,5,6000,GB@DEN,DEN,GB,,,,,,WR/FLEX
94948-66008,WR,Diontae,Diontae Johnson,Johnson,6.300000190734863,1,6000,PIT@LAR,PIT,LAR,IR,Hamstring,,,,WR/FLEX
94948-53729,QB,Mason,Mason Rudolph,Rudolph,,,6000,PIT@LAR,PIT,LAR,,,,,,QB
94948-33259,QB,Teddy,Teddy Bridgewater,Bridgewater,-0.20000000298023224,1,6000,DET@BAL,DET,BAL,,,,,,QB
94948-91639,QB,Jake,Jake Fromm,Fromm,,,6000,WAS@NYG,WAS,NYG,,,,,,QB
94948-94748,QB,Tommy,Tommy DeVito,DeVito,,,6000,WAS@NYG,NYG,WAS,,,,,,QB
94948-30253,QB,Jeff,Jeff Driskel,Driskel,2.388571330479213,7,6000,ARI@SEA,ARI,SEA,,,,,,QB
94948-88630,QB,Matt,Matt Corral,Corral,,,6000,BUF@NE,NE,BUF,,,,,,QB
94948-71242,QB,Jarrett,Jarrett Guarantano,Guarantano,,,6000,GB@DEN,DEN,GB,,,,,,QB
94948-94797,QB,Kellen,Kellen Mond,Mond,,,6000,CLE@IND,IND,CLE,,,,,,QB
94948-73398,QB,Chris,Chris Oladokun,Oladokun,,,6000,LAC@KC,KC,LAC,,,,,,QB
94948-103109,QB,Max,Max Duggan,Duggan,,,6000,LAC@KC,LAC,KC,,,,,,QB
94948-72412,RB,Khalil,Khalil Herbert,Herbert,9.3,5,6000,LV@CHI,CHI,LV,IR,Ankle,,,,RB/FLEX
94948-40687,RB,James,James Conner,Conner,11.080000305175782,5,6000,ARI@SEA,ARI,SEA,IR,Knee,,,,RB/FLEX
94948-90981,QB,Adrian,Adrian Martinez,Martinez,,,6000,DET@BAL,DET,BAL,,,,,,QB
94948-56192,QB,John,John Wolford,Wolford,8.899999618530273,2,6000,ATL@TB,TB,ATL,,,,,,QB
94948-29605,QB,Matt,Matt Barkley,Barkley,,,6000,BUF@NE,BUF,NE,,,,,,QB
94948-92082,QB,Austin,Austin Aune,Aune,,,6000,ATL@TB,ATL,TB,,,,,,QB
94948-38837,QB,Danny,Danny Etling,Etling,,,6000,GB@DEN,GB,DEN,,,,,,QB
94948-69597,QB,Anthony,Anthony Brown,Brown,3.7899999618530273,2,6000,DET@BAL,BAL,DET,,,,,,QB
94948-56286,QB,Trace,Trace McSorley,McSorley,2.715999984741211,5,6000,LV@CHI,CHI,LV,,,,,,QB
94948-63469,QB,Ben,Ben DiNucci,DiNucci,,,6000,GB@DEN,DEN,GB,,,,,,QB
94948-63484,QB,Kyler,Kyler Murray,Murray,18.865454933860086,11,6000,ARI@SEA,ARI,SEA,NA,Knee - acl,,,,QB
94948-103187,RB,Roschon,Roschon Johnson,Johnson,5.9,5,5900,LV@CHI,CHI,LV,Q,Concussion,,,,RB/FLEX
94948-91047,TE,Cole,Cole Kmet,Kmet,9.09999974568685,6,5900,LV@CHI,CHI,LV,,,,,,TE/FLEX
94948-53303,RB,Matt,Matt Breida,Breida,4.233333269755046,6,5800,WAS@NYG,NYG,WAS,,,,,,RB/FLEX
94948-40167,RB,Gus,Gus Edwards,Edwards,6.5,6,5800,DET@BAL,BAL,DET,,,,,,RB/FLEX
94948-80289,WR,Kendrick,Kendrick Bourne,Bourne,9.516666412353516,6,5800,BUF@NE,NE,BUF,,,,,,WR/FLEX
94948-64576,RB,Damien,Damien Harris,Harris,3,6,5700,BUF@NE,BUF,NE,Q,Concussion,,,,RB/FLEX
94948-129305,WR,Josh,Josh Downs,Downs,7.933333079020183,6,5700,CLE@IND,IND,CLE,,,,,,WR/FLEX
94948-63819,WR,Darius,Darius Slayton,Slayton,5.349999745686849,6,5700,WAS@NYG,NYG,WAS,,,,,,WR/FLEX
94948-92545,RB,Keaontay,Keaontay Ingram,Ingram,2.2249999046325684,4,5700,ARI@SEA,ARI,SEA,,,,,,RB/FLEX
94948-112057,RB,Jaylen,Jaylen Warren,Warren,7.9,5,5700,PIT@LAR,PIT,LAR,,,,,,RB/FLEX
94948-111631,WR,Jameson,Jameson Williams,Williams,6.75,2,5600,DET@BAL,DET,BAL,,,,,,WR/FLEX
94948-86080,TE,Kyle,Kyle Pitts,Pitts,6.950000127156575,6,5600,ATL@TB,ATL,TB,,,,,,TE/FLEX
94948-103539,WR,Wan'Dale,Wan'Dale Robinson,Robinson,6.474999904632568,4,5600,WAS@NYG,NYG,WAS,,,,,,WR/FLEX
94948-88575,WR,Elijah,Elijah Moore,Moore,5.259999847412109,5,5600,CLE@IND,CLE,IND,,,,,,WR/FLEX
94948-34331,RB,Latavius,Latavius Murray,Murray,5.533333460489909,6,5600,BUF@NE,BUF,NE,,,,,,RB/FLEX
94948-63078,RB,Ke'Shawn,Ke'Shawn Vaughn,Vaughn,1.649999976158142,2,5600,ATL@TB,TB,ATL,,,,,,RB/FLEX
94948-111311,WR,Rashee,Rashee Rice,Rice,7.783333460489909,6,5600,LAC@KC,KC,LAC,,,,,,WR/FLEX
94948-91872,RB,Joshua,Joshua Kelley,Kelley,5.720000076293945,5,5600,LAC@KC,LAC,KC,,,,,,RB/FLEX
94948-38791,RB,Ezekiel,Ezekiel Elliott,Elliott,5.950000127156575,6,5600,BUF@NE,NE,BUF,,,,,,RB/FLEX
94948-104424,RB,Craig,Craig Reynolds,Reynolds,3.8,5,5600,DET@BAL,DET,BAL,,,,,,RB/FLEX
94948-86052,WR,Kadarius,Kadarius Toney,Toney,3.9166666666666665,6,5500,LAC@KC,KC,LAC,,,,,,WR/FLEX
94948-86244,TE,Pat,Pat Freiermuth,Freiermuth,5.324999809265137,4,5500,PIT@LAR,PIT,LAR,Q,Hamstring,,,,TE/FLEX
94948-90428,RB,Tyler,Tyler Allgeier,Allgeier,7.400000254313151,6,5500,ATL@TB,ATL,TB,,,,,,RB/FLEX
94948-120639,WR,Quentin,Quentin Johnston,Johnston,1.4800000190734863,5,5500,LAC@KC,LAC,KC,,,,,,WR/FLEX
94948-86229,WR,Jahan,Jahan Dotson,Dotson,4.75,6,5400,WAS@NYG,WAS,NYG,,,,,,WR/FLEX
94948-89612,WR,Michael,Michael Wilson,Wilson,8.783333460489908,6,5400,ARI@SEA,ARI,SEA,,,,,,WR/FLEX
94948-102928,RB,Eric,Eric Gray,Gray,0.549999992052714,6,5400,WAS@NYG,NYG,WAS,,,,,,RB/FLEX
94948-71521,RB,Justice,Justice Hill,Hill,7.7,5,5400,DET@BAL,BAL,DET,,,,,,RB/FLEX
94948-48116,TE,Jonnu,Jonnu Smith,Smith,8.94000015258789,5,5400,ATL@TB,ATL,TB,,,,,,TE/FLEX
94948-69777,WR,Darnell,Darnell Mooney,Mooney,5.240000152587891,5,5300,LV@CHI,CHI,LV,,,,,,WR/FLEX
94948-89455,WR,Jayden,Jayden Reed,Reed,8.259999847412109,5,5300,GB@DEN,GB,DEN,,,,,,WR/FLEX
94948-90933,RB,Antonio,Antonio Gibson,Gibson,4.783333460489909,6,5300,WAS@NYG,WAS,NYG,,,,,,RB/FLEX
94948-91971,RB,Ronnie,Ronnie Rivers,Rivers,1.9,5,5300,PIT@LAR,LAR,PIT,D,Knee - pcl,,,,RB/FLEX
94948-93055,WR,Isaiah,Isaiah Hodgins,Hodgins,3.9400001525878907,5,5300,WAS@NYG,NYG,WAS,,,,,,WR/FLEX
94948-40845,TE,Hunter,Hunter Henry,Henry,6.549999872843425,6,5300,BUF@NE,NE,BUF,Q,Ankle,,,,TE/FLEX
94948-28643,WR,Allen,Allen Robinson II,Robinson II,4.44000015258789,5,5300,PIT@LAR,PIT,LAR,,,,,,WR/FLEX
94948-55987,WR,JuJu,JuJu Smith-Schuster,Smith-Schuster,3.1200000762939455,5,5200,BUF@NE,NE,BUF,Q,Concussion,,,,WR/FLEX
94948-26355,TE,Logan,Logan Thomas,Thomas,7.6400001525878904,5,5200,WAS@NYG,WAS,NYG,,,,,,TE/FLEX
94948-92976,WR,Tutu,Tutu Atwell,Atwell,9.683333079020182,6,5200,PIT@LAR,LAR,PIT,,,,,,WR/FLEX
94948-27441,RB,Damien,Damien Williams,Williams,4.900000095367432,1,5200,ARI@SEA,ARI,SEA,,,,,,RB/FLEX
94948-29683,WR,Nelson,Nelson Agholor,Agholor,7,5,5200,DET@BAL,BAL,DET,,,,,,WR/FLEX
94948-112062,WR,Skyy,Skyy Moore,Moore,4.716666539510091,6,5100,LAC@KC,KC,LAC,,,,,,WR/FLEX
94948-102902,WR,Trey,Trey Palmer,Palmer,4.979999923706055,5,5100,ATL@TB,TB,ATL,,,,,,WR/FLEX
94948-147051,RB,Jaleel,Jaleel McLaughlin,McLaughlin,7.883333206176758,6,5100,GB@DEN,DEN,GB,,,,,,RB/FLEX
94948-31360,WR,Odell,Odell Beckham Jr.,Beckham Jr.,3.950000047683716,4,5100,DET@BAL,BAL,DET,,,,,,WR/FLEX
94948-25267,WR,Mack,Mack Hollins,Hollins,4.066666603088379,6,5100,ATL@TB,ATL,TB,,,,,,WR/FLEX
94948-56262,WR,Parris,Parris Campbell,Campbell,2.75,6,5100,WAS@NYG,NYG,WAS,,,,,,WR/FLEX
94948-57299,TE,Gerald,Gerald Everett,Everett,5.340000152587891,5,5100,LAC@KC,LAC,KC,,,,,,TE/FLEX
94948-29780,TE,Zach,Zach Ertz,Ertz,5.799999872843425,6,5000,ARI@SEA,ARI,SEA,,,,,,TE/FLEX
94948-93408,WR,Rondale,Rondale Moore,Moore,5.966666539510091,6,5000,ARI@SEA,ARI,SEA,,,,,,WR/FLEX
94948-12526,D,Buffalo,Buffalo Bills,Bills,12.166666666666666,6,5000,BUF@NE,BUF,NE,,,,,,DEF
94948-91426,WR,Donovan,Donovan Peoples-Jones,Peoples-Jones,2.1,5,5000,CLE@IND,CLE,IND,,,,,,WR/FLEX
94948-86312,WR,Alec,Alec Pierce,Pierce,3.3999999364217124,6,5000,CLE@IND,IND,CLE,Q,Shoulder,,,,WR/FLEX
94948-114100,RB,Isaiah,Isaiah Spiller,Spiller,1.225000023841858,4,5000,LAC@KC,LAC,KC,,,,,,RB/FLEX
94948-33260,WR,DeVante,DeVante Parker,Parker,4.020000076293945,5,5000,BUF@NE,NE,BUF,,,,,,WR/FLEX
94948-113228,TE,Luke,Luke Musgrave,Musgrave,4.979999923706055,5,5000,GB@DEN,GB,DEN,,,,,,TE/FLEX
94948-61060,RB,Devine,Devine Ozigbo,Ozigbo,1.7999999523162842,1,5000,DET@BAL,DET,BAL,,,,,,RB/FLEX
94948-52916,WR,Russell,Russell Gage,Gage,7.149999891008649,14,5000,ATL@TB,TB,ATL,IR,Knee,,,,WR/FLEX
94948-40647,WR,Marquez,Marquez Valdes-Scantling,Valdes-Scantling,2.5166667302449546,6,5000,LAC@KC,KC,LAC,,,,,,WR/FLEX
94948-47870,TE,Tyler,Tyler Higbee,Higbee,5.566666920979817,6,5000,PIT@LAR,LAR,PIT,,,,,,TE/FLEX
94948-71444,RB,Travis,Travis Homer,Homer,4.387499809265137,8,5000,LV@CHI,CHI,LV,Q,Hamstring,,,,RB/FLEX
94948-104278,TE,Donald,Donald Parham Jr.,Parham Jr.,6.800000190734863,4,5000,LAC@KC,LAC,KC,,,,,,TE/FLEX
94948-71705,TE,Noah,Noah Fant,Fant,5.599999904632568,4,4900,ARI@SEA,SEA,ARI,,,,,,TE/FLEX
94948-55335,TE,David,David Njoku,Njoku,4.740000152587891,5,4900,CLE@IND,CLE,IND,,,,,,TE/FLEX
94948-88109,RB,Gary,Gary Brightwell,Brightwell,3.0333334604899087,3,4900,WAS@NYG,NYG,WAS,,,,,,RB/FLEX
94948-12550,D,Seattle,Seattle Seahawks,Seahawks,10.6,5,4900,ARI@SEA,SEA,ARI,,,,,,DEF
94948-120093,WR,Marvin,Marvin Mims Jr.,Mims Jr.,6.816666920979817,6,4900,GB@DEN,DEN,GB,,,,,,WR/FLEX
94948-94579,RB,Emari,Emari Demercado,Demercado,4,5,4900,ARI@SEA,ARI,SEA,,,,,,RB/FLEX
94948-129458,WR,Jaxon,Jaxon Smith-Njigba,Smith-Njigba,3.8,5,4900,ARI@SEA,SEA,ARI,,,,,,WR/FLEX
94948-138998,TE,Michael,Michael Mayer,Mayer,4.400000095367432,4,4900,LV@CHI,LV,CHI,,,,,,TE/FLEX
94948-70422,WR,Kalif,Kalif Raymond,Raymond,6.183333079020183,6,4900,DET@BAL,DET,BAL,,,,,,WR/FLEX
94948-64585,TE,Dawson,Dawson Knox,Knox,3.7000001271565757,6,4800,BUF@NE,BUF,NE,,,,,,TE/FLEX
94948-83083,WR,Justin,Justin Watson,Watson,4.149999936421712,6,4800,LAC@KC,KC,LAC,Q,Elbow,,,,WR/FLEX
94948-52451,RB,Samaje,Samaje Perine,Perine,5.283333460489909,6,4800,GB@DEN,DEN,GB,Q,Leg,,,,RB/FLEX
94948-131328,RB,Zach,Zach Evans,Evans,1,1,4800,PIT@LAR,LAR,PIT,,,,,,RB/FLEX
94948-71143,TE,Kylen,Kylen Granson,Granson,5.166666666666667,6,4800,CLE@IND,IND,CLE,Q,Concussion,,,,TE/FLEX
94948-85741,RB,Clyde,Clyde Edwards-Helaire,Edwards-Helaire,3.7666667302449546,6,4800,LAC@KC,KC,LAC,,,,,,RB/FLEX
94948-70383,RB,Darrynton,Darrynton Evans,Evans,3.9000000953674316,1,4800,LV@CHI,CHI,LV,,,,,,RB/FLEX
94948-85845,WR,Rashod,Rashod Bateman,Bateman,2.6399999618530274,5,4800,DET@BAL,BAL,DET,,,,,,WR/FLEX
94948-145558,TE,Dalton,Dalton Kincaid,Kincaid,4.05999984741211,5,4700,BUF@NE,BUF,NE,,,,,,TE/FLEX
94948-129240,WR,Tyler,Tyler Scott,Scott,1.899999976158142,4,4700,LV@CHI,CHI,LV,,,,,,WR/FLEX
94948-12537,D,Las Vegas,Las Vegas Raiders,Raiders,4.5,6,4700,LV@CHI,LV,CHI,,,,,,DEF
94948-111876,WR,Demario,Demario Douglas,Douglas,3.5599998474121093,5,4700,BUF@NE,NE,BUF,Q,Concussion,,,,WR/FLEX
94948-54608,RB,Jerick,Jerick McKinnon,McKinnon,4.866666793823242,6,4700,LAC@KC,KC,LAC,,,,,,RB/FLEX
94948-89588,TE,Colby,Colby Parkinson,Parkinson,2.9600000381469727,5,4700,ARI@SEA,SEA,ARI,,,,,,TE/FLEX
94948-185878,RB,Elijah,Elijah Dotson,Dotson,2.9000000953674316,1,4700,LAC@KC,LAC,KC,,,,,,RB/FLEX
94948-56059,WR,Trent,Trent Sherfield,Sherfield,2.133333365122477,3,4700,BUF@NE,BUF,NE,,,,,,WR/FLEX
94948-86811,TE,Cade,Cade Otton,Otton,4.579999923706055,5,4700,ATL@TB,TB,ATL,,,,,,TE/FLEX
94948-139094,WR,Jalin,Jalin Hyatt,Hyatt,3.875,4,4700,WAS@NYG,NYG,WAS,,,,,,WR/FLEX
94948-137059,RB,Sean,Sean Tucker,Tucker,1.3999999364217122,3,4700,ATL@TB,TB,ATL,,,,,,RB/FLEX
94948-56265,TE,Mike,Mike Gesicki,Gesicki,3.6499999364217124,6,4700,BUF@NE,NE,BUF,,,,,,TE/FLEX
94948-103376,RB,Zach,Zach Charbonnet,Charbonnet,3.5,5,4700,ARI@SEA,SEA,ARI,,,,,,RB/FLEX
94948-40126,TE,Austin,Austin Hooper,Hooper,2.4200000762939453,5,4600,LV@CHI,LV,CHI,,,,,,TE/FLEX
94948-103619,WR,Tre,Tre Tucker,Tucker,4.033333460489909,3,4600,LV@CHI,LV,CHI,,,,,,WR/FLEX
94948-90307,TE,Daniel,Daniel Bellinger,Bellinger,1.0499999523162842,4,4600,WAS@NYG,NYG,WAS,,,,,,TE/FLEX
94948-12552,D,Washington,Washington Commanders,Commanders,5.5,6,4600,WAS@NYG,WAS,NYG,,,,,,DEF
94948-94481,WR,Deven,Deven Thompkins,Thompkins,3.9200000762939453,5,4600,ATL@TB,TB,ATL,,,,,,WR/FLEX
94948-85306,WR,KhaDarel,KhaDarel Hodge,Hodge,1.625,4,4600,ATL@TB,ATL,TB,,,,,,WR/FLEX
94948-53639,WR,Isaiah,Isaiah McKenzie,McKenzie,1.1333333651224773,6,4600,CLE@IND,IND,CLE,,,,,,WR/FLEX
94948-94621,WR,Derius,Derius Davis,Davis,2.1,5,4600,LAC@KC,LAC,KC,,,,,,WR/FLEX
94948-91578,RB,Zamir,Zamir White,White,1.2000000476837158,4,4600,LV@CHI,LV,CHI,,,,,,RB/FLEX
94948-71241,WR,Brandon,Brandon Johnson,Johnson,5.700000127156575,6,4600,GB@DEN,DEN,GB,,,,,,WR/FLEX
94948-91750,TE,Trey,Trey McBride,McBride,3.3500000635782876,6,4600,ARI@SEA,ARI,SEA,,,,,,TE/FLEX
94948-147049,TE,Drew,Drew Ogletree,Ogletree,3.8,5,4600,CLE@IND,IND,CLE,,,,,,TE/FLEX
94948-104176,WR,Deonte,Deonte Harty,Harty,3.75,6,4600,BUF@NE,BUF,NE,,,,,,WR/FLEX
94948-90870,WR,Calvin,Calvin Austin III,Austin III,5.320000076293946,5,4600,PIT@LAR,PIT,LAR,,,,,,WR/FLEX
94948-72627,RB,Patrick,Patrick Taylor,Taylor,2.0999999046325684,4,4600,GB@DEN,GB,DEN,,,,,,RB/FLEX
94948-87127,RB,Chris,Chris Rodriguez Jr.,Rodriguez Jr.,1,3,4500,WAS@NYG,WAS,NYG,,,,,,RB/FLEX
94948-89209,RB,Trestan,Trestan Ebner,Ebner,0.5199999809265137,10,4500,LV@CHI,CHI,LV,Q,Concussion,,,,RB/FLEX
94948-62628,WR,DeAndre,DeAndre Carter,Carter,0.5666666825612386,6,4500,LV@CHI,LV,CHI,,,,,,WR/FLEX
94948-130270,TE,Adam,Adam Trautman,Trautman,2.8999999364217124,6,4500,GB@DEN,DEN,GB,,,,,,TE/FLEX
94948-28900,RB,Melvin,Melvin Gordon III,Gordon III,5.699999809265137,2,4500,DET@BAL,BAL,DET,,,,,,RB/FLEX
94948-70889,RB,Benny,Benny Snell Jr.,Snell Jr.,2.9500001271565757,6,4500,DET@BAL,DET,BAL,,,,,,RB/FLEX
94948-12529,D,Cleveland,Cleveland Browns,Browns,7.6,5,4500,CLE@IND,CLE,IND,,,,,,DEF
94948-64841,WR,Equanimeous,Equanimeous St. Brown,St. Brown,1.2999999523162842,2,4500,LV@CHI,CHI,LV,IR,Hamstring,,,,WR/FLEX
94948-93538,WR,Dyami,Dyami Brown,Brown,2.339999961853027,5,4500,WAS@NYG,WAS,NYG,,,,,,WR/FLEX
94948-86518,WR,Khalil,Khalil Shakir,Shakir,2.4,5,4500,BUF@NE,BUF,NE,,,,,,WR/FLEX
94948-160306,RB,Pierre,Pierre Strong Jr.,Strong Jr.,4.566666603088379,3,4500,CLE@IND,CLE,IND,,,,,,RB/FLEX
94948-22103,WR,Marvin,Marvin Jones Jr.,Jones Jr.,1,4,4500,DET@BAL,DET,BAL,,,,,,WR/FLEX
94948-27229,RB,Ameer,Ameer Abdullah,Abdullah,1.3333333333333333,6,4500,LV@CHI,LV,CHI,,,,,,RB/FLEX
94948-57986,WR,Hunter,Hunter Renfrow,Renfrow,2.2249999046325684,4,4500,LV@CHI,LV,CHI,,,,,,WR/FLEX
94948-61112,TE,Josiah,Josiah Deguara,Deguara,3.1000000635782876,3,4500,GB@DEN,GB,DEN,,,,,,TE/FLEX
94948-92882,TE,Connor,Connor Heyward,Heyward,2.2333332697550454,3,4500,PIT@LAR,PIT,LAR,,,,,,TE/FLEX
94948-40758,RB,Corey,Corey Clement,Clement,4.849999904632568,4,4500,ARI@SEA,ARI,SEA,,,,,,RB/FLEX
94948-27477,WR,Sterling,Sterling Shepard,Shepard,0.949999988079071,4,4500,WAS@NYG,NYG,WAS,,,,,,WR/FLEX
94948-91046,TE,Brock,Brock Wright,Wright,2.3333333333333335,3,4500,DET@BAL,DET,BAL,,,,,,TE/FLEX
94948-24533,TE,Mo,Mo Alie-Cox,Alie-Cox,3.549999952316284,4,4500,CLE@IND,IND,CLE,,,,,,TE/FLEX
94948-93143,TE,Noah,Noah Gray,Gray,4.466666539510091,6,4500,LAC@KC,KC,LAC,,,,,,TE/FLEX
94948-93150,WR,Jake,Jake Bobo,Bobo,3.2750000953674316,4,4500,ARI@SEA,SEA,ARI,,,,,,WR/FLEX
94948-70661,WR,Velus,Velus Jones Jr.,Jones Jr.,1.0666666825612385,3,4400,LV@CHI,CHI,LV,,,,,,WR/FLEX
94948-30733,RB,Cordarrelle,Cordarrelle Patterson,Patterson,1.149999976158142,2,4400,ATL@TB,ATL,TB,,,,,,RB/FLEX
94948-64581,WR,Van,Van Jefferson,Jefferson,3.0399999618530273,5,4400,ATL@TB,ATL,TB,,,,,,WR/FLEX
94948-87260,TE,Isaiah,Isaiah Likely,Likely,1.1749999523162842,4,4400,DET@BAL,BAL,DET,,,,,,TE/FLEX
94948-12536,D,Kansas City,Kansas City Chiefs,Chiefs,8.333333333333334,6,4400,LAC@KC,KC,LAC,,,,,,DEF
94948-56708,TE,Will,Will Dissly,Dissly,2.866666793823242,3,4400,ARI@SEA,SEA,ARI,,,,,,TE/FLEX
94948-80353,TE,Robert,Robert Tonyan,Tonyan,1.600000023841858,4,4400,LV@CHI,CHI,LV,,,,,,TE/FLEX
94948-32243,WR,Marquise,Marquise Goodwin,Goodwin,0.7,5,4400,CLE@IND,CLE,IND,,,,,,WR/FLEX
94948-40726,RB,Godwin,Godwin Igwebuike,Igwebuike,0.20000000794728598,6,4400,PIT@LAR,PIT,LAR,,,,,,RB/FLEX
94948-91931,TE,Greg,Greg Dulcich,Dulcich,2,2,4400,GB@DEN,DEN,GB,Q,Hamstring,,,,TE/FLEX
94948-89964,WR,Justyn,Justyn Ross,Ross,1.6333333651224773,3,4400,LAC@KC,KC,LAC,,,,,,WR/FLEX
94948-110457,WR,Dontayvion,Dontayvion Wicks,Wicks,3.8,5,4400,GB@DEN,GB,DEN,,,,,,WR/FLEX
94948-70601,TE,Harrison,Harrison Bryant,Bryant,1.7600000381469727,5,4400,CLE@IND,CLE,IND,Q,Hip,,,,TE/FLEX
94948-72705,TE,John,John Bates,Bates,3.075000047683716,4,4300,WAS@NYG,WAS,NYG,,,,,,TE/FLEX
94948-29734,RB,Ty,Ty Montgomery II,Montgomery II,1.25,4,4300,BUF@NE,NE,BUF,,,,,,RB/FLEX
94948-62505,TE,MyCole,MyCole Pruitt,Pruitt,1.399999976158142,4,4300,ATL@TB,ATL,TB,,,,,,TE/FLEX
94948-89220,WR,Tyquan,Tyquan Thornton,Thornton,1.100000023841858,1,4300,BUF@NE,NE,BUF,,,,,,WR/FLEX
94948-53390,WR,Zach,Zach Pascal,Pascal,0.7800000190734864,5,4300,ARI@SEA,ARI,SEA,,,,,,WR/FLEX
94948-63646,TE,Lawrence,Lawrence Cager,Cager,2.700000047683716,1,4300,WAS@NYG,NYG,WAS,,,,,,TE/FLEX
94948-24755,WR,Jamison,Jamison Crowder,Crowder,0.6199999809265136,5,4300,WAS@NYG,WAS,NYG,,,,,,WR/FLEX
94948-12538,D,Los Angeles,Los Angeles Rams,Rams,4.666666666666667,6,4300,PIT@LAR,LAR,PIT,,,,,,DEF
94948-71032,WR,Devin,Devin Duvernay,Duvernay,0.549999992052714,6,4300,DET@BAL,BAL,DET,,,,,,WR/FLEX
94948-71105,WR,Ben,Ben Skowronek,Skowronek,0.8500000238418579,4,4300,PIT@LAR,LAR,PIT,,,,,,WR/FLEX
94948-114180,WR,David,David Bell,Bell,1.7666667302449544,3,4300,CLE@IND,CLE,IND,,,,,,WR/FLEX
94948-29411,TE,Pharaoh,Pharaoh Brown,Brown,8.050000190734863,2,4300,BUF@NE,NE,BUF,,,,,,TE/FLEX
94948-56041,RB,Khari,Khari Blasingame,Blasingame,1.0666666825612385,3,4300,LV@CHI,CHI,LV,,,,,,RB/FLEX
94948-152631,WR,Samori,Samori Toure,Toure,2.4749999046325684,4,4200,GB@DEN,GB,DEN,,,,,,WR/FLEX
94948-89157,RB,Caleb,Caleb Huntley,Huntley,3.6583334604899087,12,4200,ATL@TB,ATL,TB,Q,Achilles,,,,RB/FLEX
94948-89185,TE,Ben,Ben Sims,Sims,1.7000000476837158,1,4200,GB@DEN,GB,DEN,,,,,,TE/FLEX
94948-94345,TE,Cole,Cole Turner,Turner,3.049999952316284,4,4200,WAS@NYG,WAS,NYG,,,,,,TE/FLEX
94948-93391,TE,Payne,Payne Durham,Durham,1.2999999523162842,1,4200,ATL@TB,TB,ATL,,,,,,TE/FLEX
94948-63697,TE,Brycen,Brycen Hopkins,Hopkins,1.7999999523162842,2,4200,PIT@LAR,LAR,PIT,,,,,,TE/FLEX
94948-88277,RB,Anthony,Anthony McFarland Jr.,McFarland Jr.,2.0999999046325684,1,4200,PIT@LAR,PIT,LAR,IR,Knee,,,,RB/FLEX
94948-130288,RB,James,James Robinson,Robinson,7.55454531582919,11,4200,GB@DEN,GB,DEN,,,,,,RB/FLEX
94948-12547,D,Pittsburgh,Pittsburgh Steelers,Steelers,11.6,5,4200,PIT@LAR,PIT,LAR,,,,,,DEF
94948-30989,RB,Kenyan,Kenyan Drake,Drake,2.0999999046325684,1,4200,DET@BAL,BAL,DET,,,,,,RB/FLEX
94948-149832,TE,Shane,Shane Zylstra,Zylstra,4.4375,8,4200,DET@BAL,DET,BAL,IR,Knee,,,,TE/FLEX
94948-93531,WR,Antoine,Antoine Green,Green,0.699999988079071,1,4200,DET@BAL,DET,BAL,,,,,,WR/FLEX
94948-133477,TE,Darnell,Darnell Washington,Washington,0.75,2,4200,PIT@LAR,PIT,LAR,,,,,,TE/FLEX
94948-71031,WR,Lil'Jordan,Lil'Jordan Humphrey,Humphrey,3.5333334604899087,3,4200,GB@DEN,DEN,GB,,,,,,WR/FLEX
94948-73121,RB,Tony,Tony Jones Jr.,Jones Jr.,7.700000127156575,3,4200,ARI@SEA,ARI,SEA,,,,,,RB/FLEX
94948-103896,WR,Nsimba,Nsimba Webster,Webster,2.4000000953674316,1,4200,LV@CHI,CHI,LV,,,,,,WR/FLEX
94948-185861,RB,Emanuel,Emanuel Wilson,Wilson,1.100000023841858,2,4200,GB@DEN,GB,DEN,,,,,,RB/FLEX
94948-103966,TE,Stone,Stone Smartt,Smartt,1.4500000476837158,2,4200,LAC@KC,LAC,KC,,,,,,TE/FLEX
94948-71246,WR,Marquez,Marquez Callaway,Callaway,2.9799999237060546,10,4200,LV@CHI,LV,CHI,,,,,,WR/FLEX
94948-18009,TE,Chris,Chris Manhertz,Manhertz,0.5,3,4200,GB@DEN,DEN,GB,,,,,,TE/FLEX
94948-86646,RB,Trey,Trey Sermon,Sermon,1.099999984105428,3,4200,CLE@IND,IND,CLE,,,,,,RB/FLEX
94948-69295,WR,Byron,Byron Pringle,Pringle,1.4666666984558105,3,4200,WAS@NYG,WAS,NYG,,,,,,WR/FLEX
94948-92890,WR,Cody,Cody White,White,0.699999988079071,1,4200,ARI@SEA,SEA,ARI,Q,Undisclosed,,,,WR/FLEX
94948-27403,TE,Blake,Blake Bell,Bell,8.199999809265137,1,4200,LAC@KC,KC,LAC,,,,,,TE/FLEX
94948-41806,WR,Laquon,Laquon Treadwell,Treadwell,2.3999999364217124,3,4200,DET@BAL,BAL,DET,,,,,,WR/FLEX
94948-103252,RB,Zonovan,Zonovan Knight,Knight,1.2999999523162842,2,4200,DET@BAL,DET,BAL,IR,Shoulder,,,,RB/FLEX
94948-61273,WR,Scotty,Scotty Miller,Miller,0.9666666984558105,3,4200,ATL@TB,ATL,TB,,,,,,WR/FLEX
94948-93023,RB,Jermar,Jermar Jefferson,Jefferson,,,4200,DET@BAL,DET,BAL,,,,,,RB/FLEX
94948-119653,WR,Kayshon,Kayshon Boutte,Boutte,0,1,4200,BUF@NE,NE,BUF,,,,,,WR/FLEX
94948-94087,RB,DeeJay,DeeJay Dallas,Dallas,0.8,5,4200,ARI@SEA,SEA,ARI,,,,,,RB/FLEX
94948-94116,TE,Will,Will Mallory,Mallory,2.950000047683716,2,4200,CLE@IND,IND,CLE,,,,,,TE/FLEX
94948-43973,RB,Keith,Keith Smith,Smith,3.299999952316284,1,4200,ATL@TB,ATL,TB,,,,,,RB/FLEX
94948-93134,RB,Deon,Deon Jackson,Jackson,1.2999999523162842,1,4200,CLE@IND,CLE,IND,,,,,,RB/FLEX
94948-70663,WR,Frank,Frank Darby,Darby,2,1,4100,ATL@TB,ATL,TB,,,,,,WR/FLEX
94948-90123,TE,Quintin,Quintin Morris,Morris,8,1,4100,BUF@NE,BUF,NE,Q,Ankle,,,,TE/FLEX
94948-72772,RB,Avery,Avery Williams,Williams,1.6176470588235294,17,4100,ATL@TB,ATL,TB,IR,Knee - acl,,,,RB/FLEX
94948-55366,RB,Qadree,Qadree Ollison,Ollison,,,4100,PIT@LAR,PIT,LAR,,,,,,RB/FLEX
94948-68714,TE,Ko,Ko Kieft,Kieft,0,1,4100,ATL@TB,TB,ATL,,,,,,TE/FLEX
94948-55414,WR,Cody,Cody Thompson,Thompson,1.5,1,4100,ARI@SEA,SEA,ARI,,,,,,WR/FLEX
94948-79998,WR,Keelan,Keelan Cole Sr.,Cole Sr.,2.281818216497248,11,4100,LV@CHI,LV,CHI,,,,,,WR/FLEX
94948-104577,WR,Gunner,Gunner Olszewski,Olszewski,-1.75,2,4100,PIT@LAR,PIT,LAR,,,,,,WR/FLEX
94948-58499,TE,Parker,Parker Hesse,Hesse,1.4888888465033636,9,4100,ATL@TB,ATL,TB,O,Undisclosed,,,,TE/FLEX
94948-83081,RB,Chase,Chase Edmonds,Edmonds,1,2,4100,ATL@TB,TB,ATL,IR,Knee - mcl,,,,RB/FLEX
94948-32957,TE,Eric,Eric Tomlinson,Tomlinson,3.049999952316284,8,4100,DET@BAL,BAL,DET,,,,,,TE/FLEX
94948-89283,TE,Tre',Tre' McKitty,McKitty,1.4800000190734863,10,4100,LAC@KC,LAC,KC,,,,,,TE/FLEX
94948-25813,WR,Phillip,Phillip Dorsett II,Dorsett II,0,1,4100,GB@DEN,DEN,GB,,,,,,WR/FLEX
94948-93404,RB,Zander,Zander Horvath,Horvath,2.012500047683716,8,4100,PIT@LAR,PIT,LAR,,,,,,RB/FLEX
94948-28907,WR,Alex,Alex Erickson,Erickson,0,1,4100,LAC@KC,LAC,KC,,,,,,WR/FLEX
94948-53498,WR,Richie,Richie James Jr.,James Jr.,-0.44999998807907104,2,4100,LAC@KC,KC,LAC,IR,Knee - mcl,,,,WR/FLEX
94948-12555,D,Baltimore,Baltimore Ravens,Ravens,9.333333333333334,6,4100,DET@BAL,BAL,DET,,,,,,DEF
94948-64827,WR,Miles,Miles Boykin,Boykin,0.5,2,4100,PIT@LAR,PIT,LAR,,,,,,WR/FLEX
94948-63839,TE,Tyler,Tyler Mabry,Mabry,7.199999809265137,1,4100,ARI@SEA,SEA,ARI,,,,,,TE/FLEX
94948-64864,TE,Noah,Noah Togiai,Togiai,0,1,4100,LV@CHI,LV,CHI,O,Undisclosed,,,,TE/FLEX
94948-110978,RB,Evan,Evan Hull,Hull,1.2000000476837158,1,4100,CLE@IND,IND,CLE,IR,Knee,,,,RB/FLEX
94948-87432,WR,Cedric,Cedric Tillman,Tillman,1,1,4100,CLE@IND,CLE,IND,Q,Hip,,,,WR/FLEX
94948-80294,TE,Anthony,Anthony Firkser,Firkser,1.8125,8,4100,DET@BAL,DET,BAL,,,,,,TE/FLEX
94948-80299,RB,Patrick,Patrick Ricard,Ricard,1.350000023841858,2,4100,DET@BAL,BAL,DET,,,,,,RB/FLEX
94948-87469,TE,Jelani,Jelani Woods,Woods,5.141666730244954,12,4100,CLE@IND,IND,CLE,IR,Hamstring,,,,TE/FLEX
94948-87515,WR,Tylan,Tylan Wallace,Wallace,1.0600000381469727,5,4100,DET@BAL,BAL,DET,IR,Hamstring,,,,WR/FLEX
94948-14820,RB,Nick,Nick Bellore,Bellore,0.30000001192092896,1,4100,ARI@SEA,SEA,ARI,,,,,,RB/FLEX
94948-72182,WR,Dee,Dee Eskridge,Eskridge,1.144444465637207,9,4100,ARI@SEA,SEA,ARI,IR,Suspension,,,,WR/FLEX
94948-34295,WR,Breshad,Breshad Perriman,Perriman,2.3499999046325684,8,4100,CLE@IND,IND,CLE,,,,,,WR/FLEX
94948-6672,TE,Marcedes,Marcedes Lewis,Lewis,1.2999999523162842,1,4100,LV@CHI,CHI,LV,,,,,,TE/FLEX
94948-138786,WR,Malik,Malik Heath,Heath,0,3,4100,GB@DEN,GB,DEN,,,,,,WR/FLEX
94948-160303,TE,Tucker,Tucker Kraft,Kraft,1.5,1,4100,GB@DEN,GB,DEN,,,,,,TE/FLEX
94948-60977,RB,Ty'Son,Ty'Son Williams,Williams,1,1,4100,ARI@SEA,ARI,SEA,,,,,,RB/FLEX
94948-173626,TE,Nate,Nate Adkins,Adkins,1.1333333651224773,3,4100,GB@DEN,DEN,GB,,,,,,TE/FLEX
94948-150090,WR,Cade,Cade Johnson,Johnson,2.8333333333333335,3,4100,ARI@SEA,SEA,ARI,,,,,,WR/FLEX
94948-88685,WR,Austin,Austin Trammell,Trammell,-0.6666666666666666,3,4100,PIT@LAR,LAR,PIT,,,,,,WR/FLEX
94948-94831,RB,Deneric,Deneric Prince,Prince,,,4100,LAC@KC,KC,LAC,,,,,,RB/FLEX
94948-56947,TE,Chris,Chris Myarick,Myarick,2.2857142857142856,7,4100,WAS@NYG,NYG,WAS,IR,Hand,,,,TE/FLEX
94948-38523,TE,Geoff,Geoff Swaim,Swaim,1.600000023841858,2,4100,ARI@SEA,ARI,SEA,,,,,,TE/FLEX
94948-85635,TE,Charlie,Charlie Kolar,Kolar,0,1,4100,DET@BAL,BAL,DET,,,,,,TE/FLEX
94948-55970,RB,Royce,Royce Freeman,Freeman,4,4,4100,PIT@LAR,LAR,PIT,,,,,,RB/FLEX
94948-94887,RB,Tyler,Tyler Badie,Badie,8.899999618530273,1,4100,GB@DEN,DEN,GB,,,,,,RB/FLEX
94948-72370,RB,J.J.,J.J. Taylor,Taylor,2.200000047683716,1,4100,BUF@NE,NE,BUF,,,,,,RB/FLEX
94948-63186,WR,James,James Proche II,Proche II,0.9199999809265137,10,4100,DET@BAL,BAL,DET,,,,,,WR/FLEX
94948-61172,TE,Tyler,Tyler Davis,Davis,0.9199999809265137,5,4100,GB@DEN,GB,DEN,IR,Knee,,,,TE/FLEX
94948-22288,WR,Cole,Cole Beasley,Beasley,3.1142856052943637,7,4100,WAS@NYG,NYG,WAS,,,,,,WR/FLEX
94948-70426,RB,Reggie,Reggie Gilliam,Gilliam,0.800000011920929,1,4100,BUF@NE,BUF,NE,,,,,,RB/FLEX
94948-136031,WR,Rakim,Rakim Jarrett,Jarrett,0.6666666666666666,3,4100,ATL@TB,TB,ATL,,,,,,WR/FLEX
94948-104297,WR,Jason,Jason Moore,Moore,1,1,4100,DET@BAL,DET,BAL,,,,,,WR/FLEX
94948-85881,RB,Mohamed,Mohamed Ibrahim,Ibrahim,,,4100,DET@BAL,DET,BAL,,,,,,RB/FLEX
94948-134023,RB,Keaton,Keaton Mitchell,Mitchell,,,4100,DET@BAL,BAL,DET,,,,,,RB/FLEX
94948-93075,TE,Hunter,Hunter Long,Long,0,1,4100,PIT@LAR,LAR,PIT,IR,Thigh,,,,TE/FLEX
94948-69558,WR,Greg,Greg Dortch,Dortch,0,6,4100,ARI@SEA,ARI,SEA,,,,,,WR/FLEX
94948-63419,WR,Andy,Andy Isabella,Isabella,1.0666666825612385,3,4100,BUF@NE,BUF,NE,,,,,,WR/FLEX
94948-104388,WR,Tom,Tom Kennedy,Kennedy,3.0166667302449546,6,4100,DET@BAL,DET,BAL,Q,Arm,,,,WR/FLEX
94948-56289,RB,Jason,Jason Cabinda,Cabinda,0,1,4100,DET@BAL,DET,BAL,IR,Knee,,,,RB/FLEX
94948-85986,TE,James,James Mitchell,Mitchell,2.8499999046325684,8,4100,DET@BAL,DET,BAL,Q,Hamstring,,,,TE/FLEX
94948-63479,RB,John,John Kelly Jr.,Kelly Jr.,,,4100,CLE@IND,CLE,IND,,,,,,RB/FLEX
94948-57338,TE,Jordan,Jordan Akins,Akins,0.875,4,4100,CLE@IND,CLE,IND,,,,,,TE/FLEX
94948-104447,TE,Jody,Jody Fortson,Fortson,2.529999923706055,10,4100,LAC@KC,KC,LAC,IR,Shoulder,,,,TE/FLEX
94948-57342,WR,Tre'Quan,Tre'Quan Smith,Smith,4.811111026340061,9,4100,GB@DEN,DEN,GB,,,,,,WR/FLEX
94948-92166,WR,Marcus,Marcus Jones,Jones,0,1,4000,BUF@NE,NE,BUF,IR,Shoulder,,,,WR/FLEX
94948-110603,RB,Titus,Titus Swen,Swen,,,4000,CLE@IND,IND,CLE,,,,,,RB/FLEX
94948-96269,RB,Owen,Owen Wright,Wright,,,4000,DET@BAL,BAL,DET,,,,,,RB/FLEX
94948-40977,TE,Ricky,Ricky Seals-Jones,Seals-Jones,,,4000,CLE@IND,IND,CLE,Q,Foot,,,,TE/FLEX
94948-170000,WR,Shemar,Shemar Bridges,Bridges,,,4000,DET@BAL,BAL,DET,,,,,,WR/FLEX
94948-70680,WR,Jalen,Jalen Camp,Camp,1.2000000476837158,1,4000,PIT@LAR,PIT,LAR,,,,,,WR/FLEX
94948-110624,WR,C.J.,C.J. Johnson,Johnson,,,4000,ARI@SEA,SEA,ARI,,,,,,WR/FLEX
94948-56356,WR,Isaiah,Isaiah Ford,Ford,,,4000,LV@CHI,CHI,LV,Q,Undisclosed,,,,WR/FLEX
94948-154661,WR,Michael,Michael Bandy,Bandy,1.5444444020589192,9,4000,GB@DEN,DEN,GB,,,,,,WR/FLEX
94948-133163,WR,Ra'Shaun,Ra'Shaun Henry,Henry,,,4000,ARI@SEA,SEA,ARI,Q,Undisclosed,,,,WR/FLEX
94948-71723,WR,Dez,Dez Fitzpatrick,Fitzpatrick,,,4000,PIT@LAR,PIT,LAR,,,,,,WR/FLEX
94948-86068,WR,Jacob,Jacob Copeland,Copeland,,,4000,PIT@LAR,PIT,LAR,,,,,,WR/FLEX
94948-86075,TE,Lucas,Lucas Krull,Krull,,,4000,GB@DEN,DEN,GB,,,,,,TE/FLEX
94948-94269,RB,Henry,Henry Pearson,Pearson,,,4000,GB@DEN,GB,DEN,,,,,,RB/FLEX
94948-63550,WR,Isaiah,Isaiah Zuber,Zuber,,,4000,LV@CHI,LV,CHI,Q,Undisclosed,,,,WR/FLEX
94948-64575,RB,Derrick,Derrick Gore,Gore,,,4000,WAS@NYG,WAS,NYG,,,,,,RB/FLEX
94948-174148,RB,Carlos,Carlos Washington Jr.,Washington Jr.,,,4000,ATL@TB,ATL,TB,,,,,,RB/FLEX
94948-91207,WR,Keytaon,Keytaon Thompson,Thompson,,,4000,DET@BAL,DET,BAL,,,,,,WR/FLEX
94948-165962,TE,Nikola,Nikola Kalinic,Kalinic,0,1,4000,PIT@LAR,LAR,PIT,,,,,,TE/FLEX
94948-87112,WR,Josh,Josh Ali,Ali,0,1,4000,ATL@TB,ATL,TB,IR,Ankle,,,,WR/FLEX
94948-68686,WR,C.J.,C.J. Saunders,Saunders,,,4000,ATL@TB,ATL,TB,,,,,,WR/FLEX
94948-41042,WR,Marcell,Marcell Ateman,Ateman,,,4000,BUF@NE,BUF,NE,,,,,,WR/FLEX
94948-89172,RB,John,John Lovett,Lovett,,,4000,PIT@LAR,PIT,LAR,,,,,,RB/FLEX
94948-65627,WR,Maurice,Maurice Alexander,Alexander,0.40000001589457196,3,4000,DET@BAL,DET,BAL,,,,,,WR/FLEX
94948-86108,RB,Monte,Monte Pottebaum,Pottebaum,,,4000,PIT@LAR,PIT,LAR,IR,Undisclosed,,,,RB/FLEX
94948-42077,TE,James,James Winchester,Winchester,,,4000,LAC@KC,KC,LAC,,,,,,TE/FLEX
94948-46177,TE,David,David Wells,Wells,0,1,4000,ATL@TB,TB,ATL,,,,,,TE/FLEX
94948-68712,WR,Tyler,Tyler Johnson,Johnson,,,4000,PIT@LAR,LAR,PIT,,,,,,WR/FLEX
94948-86125,WR,Brandon,Brandon Smith,Smith,,,4000,ARI@SEA,ARI,SEA,,,,,,WR/FLEX
94948-79982,RB,Alex,Alex Armah,Armah,,,4000,WAS@NYG,WAS,NYG,,,,,,RB/FLEX
94948-79987,WR,David,David Moore,Moore,,,4000,ATL@TB,TB,ATL,,,,,,WR/FLEX
94948-64627,WR,Scotty,Scotty Washington,Washington,,,4000,BUF@NE,NE,BUF,,,,,,WR/FLEX
94948-63603,WR,Jared,Jared Pinkney,Pinkney,,,4000,LV@CHI,CHI,LV,Q,Undisclosed,,,,WR/FLEX
94948-61555,WR,David,David Sills V,Sills V,2.3000000544956754,7,4000,GB@DEN,DEN,GB,,,,,,WR/FLEX
94948-69752,WR,Jalen,Jalen Virgil,Virgil,3.125,4,4000,GB@DEN,DEN,GB,IR,Knee - meniscus,,,,WR/FLEX
94948-71806,TE,Kaden,Kaden Smith,Smith,,,4000,WAS@NYG,WAS,NYG,,,,,,TE/FLEX
94948-84101,WR,Vyncint,Vyncint Smith,Smith,,,4000,CLE@IND,IND,CLE,,,,,,WR/FLEX
94948-63625,RB,Nyheim,Nyheim Hines,Hines,3.8055555555555554,18,4000,BUF@NE,BUF,NE,IR,Knee,,,,RB/FLEX
94948-95370,TE,Ryan,Ryan Miller,Miller,,,4000,ATL@TB,TB,ATL,,,,,,TE/FLEX
94948-155790,TE,Izaiah,Izaiah Gathings,Gathings,,,4000,LAC@KC,KC,LAC,,,,,,TE/FLEX
94948-71821,WR,Joe,Joe Reed,Reed,,,4000,LV@CHI,CHI,LV,IR,Undisclosed,,,,WR/FLEX
94948-83086,WR,Daurice,Daurice Fountain,Fountain,,,4000,DET@BAL,DET,BAL,,,,,,WR/FLEX
94948-72863,TE,Armani,Armani Rogers,Rogers,2.3,5,4000,WAS@NYG,WAS,NYG,IR,Achilles,,,,TE/FLEX
94948-178337,RB,Tyler,Tyler Hoosman,Hoosman,,,4000,LAC@KC,LAC,KC,,,,,,RB/FLEX
94948-86178,TE,Dominique,Dominique Dafney,Dafney,,,4000,ATL@TB,TB,ATL,Q,Undisclosed,,,,TE/FLEX
94948-92331,TE,Johnny,Johnny Lumpkin,Lumpkin,,,4000,CLE@IND,IND,CLE,,,,,,TE/FLEX
94948-89265,TE,Camren,Camren McDonald,McDonald,,,4000,PIT@LAR,LAR,PIT,,,,,,TE/FLEX
94948-157875,WR,Grant,Grant DuBose,DuBose,,,4000,GB@DEN,GB,DEN,,,,,,WR/FLEX
94948-105648,RB,Tyler,Tyler Goodson,Goodson,,,4000,CLE@IND,IND,CLE,,,,,,RB/FLEX
94948-86192,WR,KJ,KJ Hamler,Hamler,3.7166665395100913,6,4000,CLE@IND,IND,CLE,,,,,,WR/FLEX
94948-89270,WR,Pokey,Pokey Wilson,Wilson,,,4000,LAC@KC,LAC,KC,,,,,,WR/FLEX
94948-52409,RB,Jakob,Jakob Johnson,Johnson,1.7000000476837158,1,4000,LV@CHI,LV,CHI,,,,,,RB/FLEX
94948-86203,WR,Justin,Justin Shorter,Shorter,,,4000,BUF@NE,BUF,NE,IR,Hamstring,,,,WR/FLEX
94948-87233,WR,Bryan,Bryan Thompson,Thompson,,,4000,BUF@NE,BUF,NE,,,,,,WR/FLEX
94948-54472,WR,Cam,Cam Sims,Sims,1.0749999682108562,12,4000,WAS@NYG,NYG,WAS,,,,,,WR/FLEX
94948-69836,WR,Collin,Collin Johnson,Johnson,,,4000,LV@CHI,CHI,LV,,,,,,WR/FLEX
94948-149708,TE,Zach,Zach Davidson,Davidson,,,4000,BUF@NE,BUF,NE,IR,Undisclosed,,,,TE/FLEX
94948-167117,WR,Tyler,Tyler Hudson,Hudson,,,4000,PIT@LAR,LAR,PIT,,,,,,WR/FLEX
94948-170206,TE,Rodney,Rodney Williams II,Williams II,,,4000,PIT@LAR,PIT,LAR,,,,,,TE/FLEX
94948-149727,TE,Bernhard,Bernhard Seikovits,Seikovits,,,4000,ARI@SEA,ARI,SEA,,,,,,TE/FLEX
94948-137439,WR,Zion,Zion Bowens,Bowens,,,4000,WAS@NYG,WAS,NYG,,,,,,WR/FLEX
94948-57565,RB,Austin,Austin Walter,Walter,,,4000,LV@CHI,LV,CHI,IR,Undisclosed,,,,RB/FLEX
94948-95455,WR,D.J.,D.J. Montgomery,Montgomery,,,4000,CLE@IND,IND,CLE,,,,,,WR/FLEX
94948-170208,WR,Kaden,Kaden Davis,Davis,,,4000,ARI@SEA,ARI,SEA,,,,,,WR/FLEX
94948-130275,WR,Kristian,Kristian Wilkerson,Wilkerson,,,4000,LV@CHI,LV,CHI,,,,,,WR/FLEX
94948-68835,RB,CJ,CJ Marable,Marable,,,4000,BUF@NE,NE,BUF,,,,,,RB/FLEX
94948-130274,WR,Isaiah,Isaiah Coulter,Coulter,,,4000,BUF@NE,BUF,NE,,,,,,WR/FLEX
94948-170214,WR,Dennis,Dennis Houston,Houston,1.2999999523162842,2,4000,WAS@NYG,NYG,WAS,,,,,,WR/FLEX
94948-90343,WR,Jordan,Jordan Byrd,Byrd,,,4000,PIT@LAR,PIT,LAR,,,,,,WR/FLEX
94948-170213,RB,Aaron,Aaron Shampklin,Shampklin,,,4000,LAC@KC,LAC,KC,,,,,,RB/FLEX
94948-88294,WR,Dontay,Dontay Demus Jr.,Demus Jr.,,,4000,DET@BAL,BAL,DET,,,,,,WR/FLEX
94948-92395,RB,Chris,Chris Smith,Smith,,,4000,ARI@SEA,SEA,ARI,,,,,,RB/FLEX
94948-149742,RB,Nate,Nate McCrary,McCrary,,,4000,GB@DEN,GB,DEN,,,,,,RB/FLEX
94948-91373,TE,Joel,Joel Honigford,Honigford,,,4000,ARI@SEA,ARI,SEA,,,,,,TE/FLEX
94948-52463,TE,Daniel,Daniel Helm,Helm,,,4000,DET@BAL,DET,BAL,,,,,,TE/FLEX
94948-94453,RB,Darwin,Darwin Thompson,Thompson,,,4000,LV@CHI,LV,CHI,,,,,,RB/FLEX
94948-12532,D,Detroit,Detroit Lions,Lions,8.666666666666666,6,4000,DET@BAL,DET,BAL,,,,,,DEF
94948-88313,WR,Brian,Brian Cobbs,Cobbs,,,4000,ARI@SEA,ARI,SEA,,,,,,WR/FLEX
94948-61693,TE,Danny,Danny Pinter,Pinter,,,4000,CLE@IND,IND,CLE,IR,Ankle,,,,TE/FLEX
94948-130309,WR,J.J.,J.J. Koski,Koski,,,4000,GB@DEN,DEN,GB,,,,,,WR/FLEX
94948-12551,D,Tampa Bay,Tampa Bay Buccaneers,Buccaneers,9.6,5,4000,ATL@TB,TB,ATL,,,,,,DEF
94948-130317,WR,Juwan,Juwan Green,Green,,,4000,LAC@KC,KC,LAC,,,,,,WR/FLEX
94948-191760,RB,Toriano,Toriano Clinton,Clinton,,,4000,CLE@IND,IND,CLE,,,,,,RB/FLEX
94948-185627,WR,Jalen,Jalen Sample,Sample,,,4000,WAS@NYG,WAS,NYG,,,,,,WR/FLEX
94948-90398,TE,Matt,Matt Bushman,Bushman,,,4000,LAC@KC,KC,LAC,,,,,,TE/FLEX
94948-29985,WR,Jaydon,Jaydon Mickens,Mickens,,,4000,WAS@NYG,NYG,WAS,,,,,,WR/FLEX
94948-185639,WR,Keilahn,Keilahn Harris,Harris,,,4000,ATL@TB,ATL,TB,,,,,,WR/FLEX
94948-91428,WR,Tarik,Tarik Black,Black,,,4000,DET@BAL,BAL,DET,,,,,,WR/FLEX
94948-174372,WR,Nick,Nick Williams,Williams,,,4000,GB@DEN,DEN,GB,,,,,,WR/FLEX
94948-130343,WR,Jeff,Jeff Cotton Jr.,Cotton Jr.,,,4000,GB@DEN,GB,DEN,Q,Undisclosed,,,,WR/FLEX
94948-91431,RB,Ben,Ben Mason,Mason,,,4000,DET@BAL,BAL,DET,,,,,,RB/FLEX
94948-90408,WR,Dax,Dax Milne,Milne,0.8466666539510092,15,4000,WAS@NYG,WAS,NYG,IR,Groin,,,,WR/FLEX
94948-185646,WR,Zay,Zay Malone,Malone,,,4000,ATL@TB,ATL,TB,,,,,,WR/FLEX
94948-170290,TE,Dre,Dre Miller,Miller,,,4000,GB@DEN,GB,DEN,,,,,,TE/FLEX
94948-92465,WR,Sean,Sean Ryan,Ryan,,,4000,DET@BAL,BAL,DET,,,,,,WR/FLEX
94948-53562,RB,Nick,Nick Chubb,Chubb,10.550000190734863,2,4000,CLE@IND,CLE,IND,IR,Knee - acl + mcl,,,,RB/FLEX
94948-45371,WR,Darius,Darius Phillips,Phillips,,,4000,DET@BAL,DET,BAL,,,,,,WR/FLEX
94948-185660,WR,Malik,Malik Flowers,Flowers,,,4000,LV@CHI,LV,CHI,,,,,,WR/FLEX
94948-149827,TE,Nick,Nick Guggemos,Guggemos,,,4000,BUF@NE,BUF,NE,,,,,,TE/FLEX
94948-64843,WR,Jalen,Jalen Guyton,Guyton,3.700000047683716,2,4000,LAC@KC,LAC,KC,NA,Knee - acl,,,,WR/FLEX
94948-73046,WR,Tre,Tre Nixon,Nixon,,,4000,BUF@NE,NE,BUF,IR,Shoulder,,,,WR/FLEX
94948-91481,WR,Nikko,Nikko Remigio,Remigio,,,4000,LAC@KC,KC,LAC,IR,Wrist,,,,WR/FLEX
94948-90456,WR,Ty,Ty Scott,Scott,,,4000,LAC@KC,KC,LAC,,,,,,WR/FLEX
94948-153957,TE,Zaire,Zaire Mitchell-Paden,Mitchell-Paden,,,4000,CLE@IND,CLE,IND,,,,,,TE/FLEX
94948-102762,RB,Kevin,Kevin Harris,Harris,2.2399999618530275,5,4000,BUF@NE,NE,BUF,,,,,,RB/FLEX
94948-63851,TE,Tyree,Tyree Jackson,Jackson,,,4000,WAS@NYG,NYG,WAS,,,,,,TE/FLEX
94948-90480,TE,Joel,Joel Wilson,Wilson,,,4000,BUF@NE,BUF,NE,,,,,,TE/FLEX
94948-90483,TE,Bernhard,Bernhard Raimann,Raimann,,,4000,CLE@IND,IND,CLE,,,,,,TE/FLEX
94948-22898,RB,Brandon,Brandon Bolden,Bolden,2.8499999046325684,8,4000,LV@CHI,LV,CHI,,,,,,RB/FLEX
94948-90487,WR,Kalil,Kalil Pimpleton,Pimpleton,,,4000,WAS@NYG,NYG,WAS,,,,,,WR/FLEX
94948-39286,TE,O.J.,O.J. Howard,Howard,2.8636363636363638,11,4000,LV@CHI,LV,CHI,,,,,,TE/FLEX
94948-38264,WR,Demarcus,Demarcus Robinson,Robinson,5.3941174675436585,17,4000,PIT@LAR,LAR,PIT,,,,,,WR/FLEX
94948-56698,WR,Dante,Dante Pettis,Pettis,3.7133333841959635,15,4000,LV@CHI,CHI,LV,Q,Undisclosed,,,,WR/FLEX
94948-73089,TE,Devin,Devin Asiasi,Asiasi,0.375,4,4000,CLE@IND,CLE,IND,,,,,,TE/FLEX
94948-73088,WR,Kekoa,Kekoa Crawford,Crawford,,,4000,LAC@KC,KC,LAC,Q,Undisclosed,,,,WR/FLEX
94948-185728,TE,Patrick,Patrick Murtagh,Murtagh,,,4000,DET@BAL,DET,BAL,,,,,,TE/FLEX
94948-70023,WR,Cornell,Cornell Powell,Powell,,,4000,LAC@KC,KC,LAC,,,,,,WR/FLEX
94948-64907,WR,J.J.,J.J. Arcega-Whiteside,Arcega-Whiteside,,,4000,ATL@TB,ATL,TB,,,,,,WR/FLEX
94948-185742,WR,Braxton,Braxton Westfield,Westfield,,,4000,CLE@IND,IND,CLE,,,,,,WR/FLEX
94948-185743,RB,Darius,Darius Hagans,Hagans,,,4000,PIT@LAR,PIT,LAR,,,,,,RB/FLEX
94948-55694,WR,Mike,Mike Thomas,Thomas,1.7000000476837158,4,4000,DET@BAL,BAL,DET,Q,Shoulder - labrum,,,,WR/FLEX
94948-94606,WR,Taye,Taye Barber,Barber,,,4000,ATL@TB,TB,ATL,,,,,,WR/FLEX
94948-185747,WR,Cody,Cody Chrest,Chrest,,,4000,GB@DEN,GB,DEN,,,,,,WR/FLEX
94948-102802,WR,Makai,Makai Polk,Polk,,,4000,DET@BAL,BAL,DET,,,,,,WR/FLEX
94948-90518,WR,Slade,Slade Bolden,Bolden,,,4000,ATL@TB,ATL,TB,,,,,,WR/FLEX
94948-43416,WR,Trent,Trent Taylor,Taylor,0,4,4000,LV@CHI,CHI,LV,,,,,,WR/FLEX
94948-93592,WR,Sam,Sam James,James,,,4000,PIT@LAR,LAR,PIT,,,,,,WR/FLEX
94948-70043,TE,Cole,Cole Fotheringham,Fotheringham,,,4000,LV@CHI,LV,CHI,,,,,,TE/FLEX
94948-185753,WR,T.J.,T.J. Luther,Luther,,,4000,BUF@NE,NE,BUF,,,,,,WR/FLEX
94948-92573,TE,Travis,Travis Vokolek,Vokolek,,,4000,DET@BAL,BAL,DET,,,,,,TE/FLEX
94948-64926,WR,Michael,Michael Jacquet III,Jacquet III,,,4000,LAC@KC,LAC,KC,,,,,,WR/FLEX
94948-94625,WR,Jalen,Jalen Reagor,Reagor,1.2722222010294597,18,4000,BUF@NE,NE,BUF,,,,,,WR/FLEX
94948-93600,WR,Bryce,Bryce Ford-Wheaton,Ford-Wheaton,,,4000,WAS@NYG,NYG,WAS,IR,Knee,,,,WR/FLEX
94948-111012,WR,Kaylon,Kaylon Geiger Sr.,Geiger Sr.,,,4000,ATL@TB,TB,ATL,,,,,,WR/FLEX
94948-60838,WR,Andre,Andre Baccellia,Baccellia,1.6,5,4000,ARI@SEA,ARI,SEA,,,,,,WR/FLEX
94948-185775,TE,Brian,Brian Walker,Walker,,,4000,DET@BAL,BAL,DET,,,,,,TE/FLEX
94948-102831,TE,Davis,Davis Allen,Allen,,,4000,PIT@LAR,LAR,PIT,,,,,,TE/FLEX
94948-87473,WR,Braydon,Braydon Johnson,Johnson,,,4000,BUF@NE,BUF,NE,,,,,,WR/FLEX
94948-60849,WR,Blake,Blake Lynch,Lynch,,,4000,LAC@KC,LAC,KC,Q,Undisclosed,,,,WR/FLEX
94948-185777,TE,Damien,Damien Caffrey,Caffrey,,,4000,LV@CHI,CHI,LV,,,,,,TE/FLEX
94948-185782,WR,Thyrick,Thyrick Pitts,Pitts,,,4000,BUF@NE,NE,BUF,,,,,,WR/FLEX
94948-64949,WR,Ja'Marcus,Ja'Marcus Bradley,Bradley,,,4000,PIT@LAR,PIT,LAR,Q,Undisclosed,,,,WR/FLEX
94948-73147,TE,Nick,Nick Eubanks,Eubanks,,,4000,CLE@IND,IND,CLE,,,,,,TE/FLEX
94948-92606,WR,Bo,Bo Melton,Melton,,,4000,GB@DEN,GB,DEN,,,,,,WR/FLEX
94948-69056,WR,Mathew,Mathew Sexton,Sexton,,,4000,ATL@TB,ATL,TB,,,,,,WR/FLEX
94948-185792,WR,Tyler,Tyler Adams,Adams,,,4000,CLE@IND,IND,CLE,,,,,,WR/FLEX
94948-72133,WR,Antoine,Antoine Wesley,Wesley,,,4000,LV@CHI,LV,CHI,,,,,,WR/FLEX
94948-55748,WR,James,James Washington,Washington,0,1,4000,CLE@IND,IND,CLE,,,,,,WR/FLEX
94948-55750,WR,Chris,Chris Lacy,Lacy,,,4000,LV@CHI,LV,CHI,Q,Undisclosed,,,,WR/FLEX
94948-73161,TE,Chase,Chase Allen,Allen,,,4000,LV@CHI,CHI,LV,,,,,,TE/FLEX
94948-113096,WR,Xavier,Xavier Smith,Smith,,,4000,PIT@LAR,LAR,PIT,,,,,,WR/FLEX
94948-86472,WR,John,John Hightower,Hightower,,,4000,LAC@KC,LAC,KC,,,,,,WR/FLEX
94948-26057,RB,Michael,Michael Burton,Burton,0.824999988079071,4,4000,GB@DEN,DEN,GB,,,,,,RB/FLEX
94948-31184,RB,Jonathan,Jonathan Williams,Williams,2.8375000953674316,8,4000,WAS@NYG,WAS,NYG,Q,Undisclosed,,,,RB/FLEX
94948-90583,WR,Tyrell,Tyrell Shavers,Shavers,,,4000,BUF@NE,BUF,NE,,,,,,WR/FLEX
94948-41430,WR,Devin,Devin Ross,Ross,,,4000,LV@CHI,LV,CHI,,,,,,WR/FLEX
94948-112088,RB,Jerrion,Jerrion Ealy,Ealy,,,4000,LAC@KC,KC,LAC,,,,,,RB/FLEX
94948-88536,WR,Cephus,Cephus Johnson III,Johnson III,,,4000,ATL@TB,TB,ATL,,,,,,WR/FLEX
94948-54746,TE,Tyler,Tyler Ott,Ott,,,4000,DET@BAL,BAL,DET,,,,,,TE/FLEX
94948-185822,TE,Thomas,Thomas Greaney,Greaney,,,4000,CLE@IND,CLE,IND,,,,,,TE/FLEX
94948-103901,WR,Davion,Davion Davis,Davis,,,4000,ARI@SEA,ARI,SEA,,,,,,WR/FLEX
94948-103900,TE,Brandon,Brandon Dillon,Dillon,,,4000,WAS@NYG,WAS,NYG,IR,Undisclosed,,,,TE/FLEX
94948-88547,WR,Jalen,Jalen Wayne,Wayne,,,4000,CLE@IND,CLE,IND,,,,,,WR/FLEX
94948-91618,TE,John,John FitzPatrick,FitzPatrick,,,4000,ATL@TB,ATL,TB,,,,,,TE/FLEX
94948-129508,WR,Duece,Duece Watts,Watts,,,4000,PIT@LAR,PIT,LAR,,,,,,WR/FLEX
94948-89586,TE,Tucker,Tucker Fisk,Fisk,,,4000,ATL@TB,ATL,TB,,,,,,TE/FLEX
94948-185854,WR,Dallas,Dallas Daniels,Daniels,,,4000,GB@DEN,DEN,GB,,,,,,WR/FLEX
94948-41469,TE,Darrell,Darrell Daniels,Daniels,,,4000,DET@BAL,DET,BAL,,,,,,TE/FLEX
94948-114177,WR,Milton,Milton Wright,Wright,,,4000,LAC@KC,LAC,KC,Q,Undisclosed,,,,WR/FLEX
94948-185856,WR,Taylor,Taylor Grimes,Grimes,,,4000,GB@DEN,DEN,GB,,,,,,WR/FLEX
94948-92677,WR,Zavier,Zavier Scott,Scott,,,4000,CLE@IND,IND,CLE,,,,,,WR/FLEX
94948-90628,TE,Griffin,Griffin Hebert,Hebert,,,4000,ARI@SEA,SEA,ARI,,,,,,TE/FLEX
94948-103943,WR,Trinity,Trinity Benson,Benson,,,4000,DET@BAL,DET,BAL,,,,,,WR/FLEX
94948-89613,WR,Simi,Simi Fehoko,Fehoko,1.9500000476837158,2,4000,LAC@KC,LAC,KC,,,,,,WR/FLEX
94948-185875,TE,Noah,Noah Gindorff,Gindorff,,,4000,PIT@LAR,PIT,LAR,,,,,,TE/FLEX
94948-62998,TE,Jace,Jace Sternberger,Sternberger,,,4000,BUF@NE,BUF,NE,,,,,,TE/FLEX
94948-154139,RB,Clint,Clint Ratkovich,Ratkovich,,,4000,ATL@TB,ATL,TB,,,,,,RB/FLEX
94948-89627,WR,Brycen,Brycen Tremayne,Tremayne,,,4000,WAS@NYG,WAS,NYG,,,,,,WR/FLEX
94948-185887,RB,Ronnie,Ronnie Brown,Brown,,,4000,ATL@TB,TB,ATL,,,,,,RB/FLEX
94948-185884,WR,John,John Hall,Hall,,,4000,ARI@SEA,SEA,ARI,,,,,,WR/FLEX
94948-185889,TE,Tanner,Tanner Taula,Taula,,,4000,ATL@TB,TB,ATL,,,,,,TE/FLEX
94948-185893,RB,Alfonzo,Alfonzo Graham,Graham,,,4000,PIT@LAR,PIT,LAR,IR,Undisclosed,,,,RB/FLEX
94948-14895,TE,Patrick,Patrick Scales,Scales,,,4000,LV@CHI,CHI,LV,,,,,,TE/FLEX
94948-69173,TE,Hunter,Hunter Kampmoyer,Kampmoyer,,,4000,LAC@KC,LAC,KC,,,,,,TE/FLEX
94948-57909,RB,Marlon,Marlon Mack,Mack,4.899999891008649,7,4000,ARI@SEA,ARI,SEA,IR,Achilles,,,,RB/FLEX
94948-89656,WR,Aron,Aron Cruickshank,Cruickshank,,,4000,PIT@LAR,PIT,LAR,,,,,,WR/FLEX
94948-70206,RB,Jason,Jason Huntley,Huntley,,,4000,CLE@IND,IND,CLE,,,,,,RB/FLEX
94948-86601,RB,SaRodorick,SaRodorick Thompson Jr.,Thompson Jr.,,,4000,ARI@SEA,SEA,ARI,,,,,,RB/FLEX
94948-104008,TE,Stephen,Stephen Carlson,Carlson,,,4000,LV@CHI,CHI,LV,,,,,,TE/FLEX
94948-63050,RB,Ty,Ty Johnson,Johnson,3.066666603088379,12,4000,BUF@NE,BUF,NE,,,,,,RB/FLEX
94948-102986,WR,Elijah,Elijah Higgins,Higgins,,,4000,ARI@SEA,ARI,SEA,Q,Illness,,,,WR/FLEX
94948-104012,WR,Ashton,Ashton Dulin,Dulin,5,7,4000,CLE@IND,IND,CLE,IR,Knee - acl,,,,WR/FLEX
94948-104019,TE,Matt,Matt Orzech,Orzech,,,4000,GB@DEN,GB,DEN,,,,,,TE/FLEX
94948-87634,TE,Blake,Blake Whiteheart,Whiteheart,,,4000,ARI@SEA,ARI,SEA,,,,,,TE/FLEX
94948-55895,TE,Kendall,Kendall Blanton,Blanton,2.25,2,4000,LAC@KC,KC,LAC,,,,,,TE/FLEX
94948-64097,TE,La'Michael,La'Michael Pettway,Pettway,,,4000,CLE@IND,IND,CLE,Q,Undisclosed,,,,TE/FLEX
94948-186983,WR,Jadakis,Jadakis Bonds,Bonds,,,4000,GB@DEN,GB,DEN,,,,,,WR/FLEX
94948-139884,TE,Jordan,Jordan Murray,Murray,,,4000,CLE@IND,IND,CLE,,,,,,TE/FLEX
94948-95854,WR,Montrell,Montrell Washington,Washington,0,4,4000,LAC@KC,KC,LAC,,,,,,WR/FLEX
94948-87662,WR,Anthony,Anthony Schwartz,Schwartz,2.7999998728434243,6,4000,CLE@IND,CLE,IND,Q,Hamstring,,,,WR/FLEX
94948-61042,WR,Kendall,Kendall Hinton,Hinton,4.0363637750799,11,4000,GB@DEN,DEN,GB,,,,,,WR/FLEX
94948-104054,RB,Sincere,Sincere McCormick,McCormick,,,4000,LV@CHI,LV,CHI,,,,,,RB/FLEX
94948-88699,RB,Jaret,Jaret Patterson,Patterson,3.9000000953674316,2,4000,LAC@KC,LAC,KC,,,,,,RB/FLEX
94948-93824,WR,Easop,Easop Winston Jr.,Winston Jr.,,,4000,ARI@SEA,SEA,ARI,,,,,,WR/FLEX
94948-55941,RB,Patrick,Patrick Laird,Laird,,,4000,ATL@TB,TB,ATL,,,,,,RB/FLEX
94948-87690,TE,Sal,Sal Cannella,Cannella,,,4000,ARI@SEA,SEA,ARI,,,,,,TE/FLEX
94948-110230,RB,Kenny,Kenny McIntosh,McIntosh,,,4000,ARI@SEA,SEA,ARI,IR,Knee,,,,RB/FLEX
94948-86678,TE,Ryan,Ryan Jones,Jones,,,4000,WAS@NYG,NYG,WAS,,,,,,TE/FLEX
94948-90778,TE,Derrick,Derrick Deese Jr.,Deese Jr.,,,4000,DET@BAL,DET,BAL,,,,,,TE/FLEX
94948-87711,TE,John Samuel,John Samuel Shenker,Shenker,,,4000,LV@CHI,LV,CHI,,,,,,TE/FLEX
94948-52902,WR,Trey,Trey Quinn,Quinn,,,4000,DET@BAL,DET,BAL,,,,,,WR/FLEX
94948-96942,WR,Keelan,Keelan Doss,Doss,,,4000,LAC@KC,LAC,KC,,,,,,WR/FLEX
94948-64175,WR,Hakeem,Hakeem Butler,Butler,,,4000,PIT@LAR,PIT,LAR,Q,Undisclosed,,,,WR/FLEX
94948-7856,WR,Matthew,Matthew Slater,Slater,,,4000,BUF@NE,NE,BUF,,,,,,WR/FLEX
94948-87731,WR,Dominique,Dominique Robinson,Robinson,,,4000,LV@CHI,CHI,LV,,,,,,WR/FLEX
94948-69302,TE,Feleipe,Feleipe Franks,Franks,0,2,4000,ATL@TB,ATL,TB,IR,Undisclosed,,,,TE/FLEX
94948-104124,WR,Darrius,Darrius Shepherd,Shepherd,,,4000,LAC@KC,LAC,KC,Q,Undisclosed,,,,WR/FLEX
94948-69310,WR,Josh,Josh Hammond,Hammond,,,4000,GB@DEN,DEN,GB,,,,,,WR/FLEX
94948-71367,RB,La'Mical,La'Mical Perine,Perine,,,4000,LAC@KC,KC,LAC,,,,,,RB/FLEX
94948-88776,WR,Ty,Ty Fryfogle,Fryfogle,,,4000,LAC@KC,KC,LAC,,,,,,WR/FLEX
94948-63189,TE,Hunter,Hunter Thedford,Thedford,,,4000,CLE@IND,CLE,IND,,,,,,TE/FLEX
94948-89814,TE,Gerrit,Gerrit Prince,Prince,,,4000,LAC@KC,KC,LAC,,,,,,TE/FLEX
94948-89817,WR,Austin,Austin Watkins Jr.,Watkins Jr.,,,4000,CLE@IND,CLE,IND,,,,,,WR/FLEX
94948-88793,RB,Stevie,Stevie Scott,Scott,,,4000,ARI@SEA,ARI,SEA,,,,,,RB/FLEX
94948-86747,WR,Dylan,Dylan Drummond,Drummond,,,4000,DET@BAL,DET,BAL,,,,,,WR/FLEX
94948-147168,WR,Chris,Chris Blair,Blair,,,4000,ATL@TB,ATL,TB,,,,,,WR/FLEX
94948-91875,TE,Michael,Michael Ezeike,Ezeike,,,4000,LAC@KC,LAC,KC,,,,,,TE/FLEX
94948-85731,WR,Racey,Racey McMath,McMath,1.350000023841858,4,4000,CLE@IND,IND,CLE,,,,,,WR/FLEX
94948-87787,RB,J.K.,J.K. Dobbins,Dobbins,10.699999809265137,1,4000,DET@BAL,BAL,DET,IR,Achilles,,,,RB/FLEX
94948-54007,TE,Jacob,Jacob Hollister,Hollister,,,4000,LV@CHI,LV,CHI,Q,Undisclosed,,,,TE/FLEX
94948-91897,WR,Ethan,Ethan Fernea,Fernea,,,4000,CLE@IND,IND,CLE,Q,Undisclosed,,,,WR/FLEX
94948-86781,WR,Terrell,Terrell Bynum,Bynum,,,4000,LAC@KC,LAC,KC,,,,,,WR/FLEX
94948-85759,TE,Curtis,Curtis Hodges,Hodges,,,4000,WAS@NYG,WAS,NYG,,,,,,TE/FLEX
94948-57091,WR,Tim,Tim Patrick,Patrick,,,4000,GB@DEN,DEN,GB,IR,Achilles,,,,WR/FLEX
94948-72453,WR,Denzel,Denzel Mims,Mims,2.677777820163303,9,4000,PIT@LAR,PIT,LAR,,,,,,WR/FLEX
94948-174853,WR,Kody,Kody Case,Case,,,4000,CLE@IND,IND,CLE,,,,,,WR/FLEX
94948-91912,WR,Chase,Chase Cota,Cota,,,4000,LAC@KC,KC,LAC,,,,,,WR/FLEX
94948-91923,WR,Kazmeir,Kazmeir Allen,Allen,,,4000,WAS@NYG,WAS,NYG,,,,,,WR/FLEX
94948-114465,TE,Christian,Christian Sims,Sims,,,4000,PIT@LAR,LAR,PIT,,,,,,TE/FLEX
94948-71459,RB,Brittain,Brittain Brown,Brown,,,4000,LV@CHI,LV,CHI,IR,Undisclosed,,,,RB/FLEX
94948-87844,TE,Brady,Brady Russell,Russell,,,4000,ARI@SEA,SEA,ARI,,,,,,TE/FLEX
94948-55088,WR,Malik,Malik Turner,Turner,,,4000,CLE@IND,IND,CLE,,,,,,WR/FLEX
94948-86839,TE,Jack,Jack Coco,Coco,,,4000,ARI@SEA,ARI,SEA,,,,,,TE/FLEX
94948-92984,WR,Justin,Justin Marshall,Marshall,,,4000,ARI@SEA,SEA,ARI,,,,,,WR/FLEX
94948-158520,WR,Daylen,Daylen Baldwin,Baldwin,3.5,1,4000,CLE@IND,CLE,IND,Q,Hamstring,,,,WR/FLEX
94948-92990,RB,Hassan,Hassan Hall,Hall,,,4000,CLE@IND,CLE,IND,,,,,,RB/FLEX
94948-90952,WR,Kade,Kade Warner,Warner,,,4000,ATL@TB,TB,ATL,,,,,,WR/FLEX
94948-90955,WR,Tyjon,Tyjon Lindsey,Lindsey,,,4000,ARI@SEA,SEA,ARI,,,,,,WR/FLEX
94948-87882,WR,Daniel,Daniel Arias,Arias,,,4000,LAC@KC,KC,LAC,,,,,,WR/FLEX
94948-58189,TE,Mitchell,Mitchell Fraboni,Fraboni,,,4000,GB@DEN,DEN,GB,,,,,,TE/FLEX
94948-56142,WR,Juwann,Juwann Winfree,Winfree,0.7333333492279053,3,4000,CLE@IND,IND,CLE,,,,,,WR/FLEX
94948-64339,WR,Auden,Auden Tate,Tate,,,4000,ARI@SEA,ARI,SEA,,,,,,WR/FLEX
94948-93016,RB,B.J.,B.J. Baylor,Baylor,,,4000,ATL@TB,ATL,TB,,,,,,RB/FLEX
94948-63321,TE,Rashod,Rashod Berry,Berry,,,4000,CLE@IND,IND,CLE,IR,Suspension,,,,TE/FLEX
94948-93019,RB,Jack,Jack Colletto,Colletto,,,4000,PIT@LAR,PIT,LAR,,,,,,RB/FLEX
94948-90971,TE,Austin,Austin Allen,Allen,,,4000,GB@DEN,GB,DEN,,,,,,TE/FLEX
94948-64350,WR,Jeff,Jeff Smith,Smith,2.4857142312186107,7,4000,ARI@SEA,ARI,SEA,,,,,,WR/FLEX
94948-169834,WR,Dareke,Dareke Young,Young,2.5,2,4000,ARI@SEA,SEA,ARI,IR,Groin,,,,WR/FLEX
94948-89970,WR,Amari,Amari Rodgers,Rodgers,0,1,4000,CLE@IND,IND,CLE,,,,,,WR/FLEX
94948-57208,WR,KeeSean,KeeSean Johnson,Johnson,,,4000,BUF@NE,BUF,NE,,,,,,WR/FLEX
94948-86913,TE,Kris,Kris Leach,Leach,,,4000,GB@DEN,DEN,GB,,,,,,TE/FLEX
94948-91012,RB,Greg,Greg Bell,Bell,,,4000,PIT@LAR,PIT,LAR,,,,,,RB/FLEX
94948-41867,RB,Jordan,Jordan Wilkins,Wilkins,2.924999952316284,4,4000,CLE@IND,CLE,IND,,,,,,RB/FLEX
94948-89997,WR,Michael,Michael Woods II,Woods II,1.0833333333333333,6,4000,CLE@IND,CLE,IND,IR,Achilles,,,,WR/FLEX
94948-45964,WR,Marcus,Marcus Kemp,Kemp,1.7999999523162842,1,4000,WAS@NYG,WAS,NYG,,,,,,WR/FLEX
94948-69516,TE,Miller,Miller Forristall,Forristall,0,1,4000,PIT@LAR,LAR,PIT,,,,,,TE/FLEX
94948-128912,WR,Mitchell,Mitchell Tinsley,Tinsley,,,4000,WAS@NYG,WAS,NYG,,,,,,WR/FLEX
94948-94099,RB,Robert,Robert Burns,Burns,,,4000,LV@CHI,CHI,LV,,,,,,RB/FLEX
94948-56212,TE,Tommy,Tommy Sweeney,Sweeney,1.2000000476837158,1,4000,WAS@NYG,NYG,WAS,IR,Undisclosed,,,,TE/FLEX
94948-39829,WR,Mike,Mike Williams,Williams,13.566666920979818,3,4000,LAC@KC,LAC,KC,IR,Knee - acl,,,,WR/FLEX
94948-87961,RB,Wayne,Wayne Taulapapa,Taulapapa,,,4000,ARI@SEA,SEA,ARI,,,,,,RB/FLEX
94948-28570,TE,Nick,Nick Vannett,Vannett,1.7,5,4000,LAC@KC,LAC,KC,,,,,,TE/FLEX
94948-94118,WR,Mike,Mike Harley Jr.,Harley Jr.,,,4000,CLE@IND,CLE,IND,,,,,,WR/FLEX
94948-34729,RB,Dwayne,Dwayne Washington,Washington,1,5,4000,GB@DEN,DEN,GB,,,,,,RB/FLEX
94948-85932,RB,Isaiah,Isaiah Bowser,Bowser,,,4000,BUF@NE,BUF,NE,,,,,,RB/FLEX
94948-85944,WR,Kyric,Kyric McGowan,McGowan,,,4000,WAS@NYG,WAS,NYG,,,,,,WR/FLEX
94948-92093,WR,Jaelon,Jaelon Darden,Darden,0,1,4000,CLE@IND,CLE,IND,,,,,,WR/FLEX
94948-187324,WR,Ed,Ed Lee,Lee,,,4000,BUF@NE,NE,BUF,,,,,,WR/FLEX
94948-32703,WR,Jakeem,Jakeem Grant Sr.,Grant Sr.,,,4000,CLE@IND,CLE,IND,IR,Kneecap,,,,WR/FLEX
94948-89029,TE,Chris,Chris Pierce Jr.,Pierce Jr.,,,4000,ARI@SEA,ARI,SEA,,,,,,TE/FLEX
94948-91082,WR,Avery,Avery Davis,Davis,,,4000,DET@BAL,DET,BAL,,,,,,WR/FLEX
94948-41936,WR,Anthony,Anthony Miller,Miller,,,4000,CLE@IND,IND,CLE,,,,,,WR/FLEX
94948-63447,WR,Penny,Penny Hart,Hart,1.1666666666666667,3,4000,ATL@TB,ATL,TB,Q,Concussion,,,,WR/FLEX
94948-54239,TE,Matt,Matt Sokol,Sokol,,,4000,BUF@NE,NE,BUF,,,,,,TE/FLEX
94948-96224,TE,Lachlan,Lachlan Pitts,Pitts,,,4000,LV@CHI,CHI,LV,,,,,,TE/FLEX
94948-104421,TE,Jesper,Jesper Horsted,Horsted,1.7000000476837158,2,4000,LV@CHI,LV,CHI,,,,,,TE/FLEX
94948-71662,WR,DJ,DJ Turner,Turner,0.8666666348775228,3,4000,LV@CHI,LV,CHI,,,,,,WR/FLEX
94948-14319,RB,Taiwan,Taiwan Jones,Jones,-1,2,4000,WAS@NYG,NYG,WAS,,,,,,RB/FLEX
94948-88056,WR,Stanley,Stanley Berryhill,Berryhill,,,4000,DET@BAL,DET,BAL,,,,,,WR/FLEX
94948-12533,D,Green Bay,Green Bay Packers,Packers,7.6,5,3900,GB@DEN,GB,DEN,,,,,,DEF
94948-12535,D,Indianapolis,Indianapolis Colts,Colts,6.166666666666667,6,3800,CLE@IND,IND,CLE,,,,,,DEF
94948-12527,D,Chicago,Chicago Bears,Bears,3.8333333333333335,6,3700,LV@CHI,CHI,LV,,,,,,DEF
94948-12525,D,Atlanta,Atlanta Falcons,Falcons,4.166666666666667,6,3600,ATL@TB,ATL,TB,,,,,,DEF
94948-12531,D,Denver,Denver Broncos,Broncos,5.166666666666667,6,3500,GB@DEN,DEN,GB,,,,,,DEF
94948-12543,D,New York,New York Giants,Giants,3.1666666666666665,6,3400,WAS@NYG,NYG,WAS,,,,,,DEF
94948-12548,D,Los Angeles,Los Angeles Chargers,Chargers,7,5,3200,LAC@KC,LAC,KC,,,,,,DEF
94948-12546,D,Arizona,Arizona Cardinals,Cardinals,5.666666666666667,6,3100,ARI@SEA,ARI,SEA,,,,,,DEF
94948-12541,D,New England,New England Patriots,Patriots,4.5,6,3000,BUF@NE,NE,BUF,,,,,,DEF