Id,Position,First Name,Nickname,Last Name,FPPG,Played,Salary,Game,Team,Opponent,Injury Indicator,Injury Details,Tier,,,Roster Position
95183-55050,RB,Christian,Christian McCaffrey,McCaffrey,22.514286586216517,7,10200,CIN@SF,SF,CIN,,,,,,RB/FLEX
95183-53681,WR,Tyreek,Tyreek Hill,Hill,22.871429443359375,7,9500,NE@MIA,MIA,NE,Q,Hip,,,,WR/FLEX
95183-69531,QB,Jalen,Jalen Hurts,Hurts,22.891429356166295,7,9200,PHI@WAS,PHI,WAS,,,,,,QB
95183-79970,WR,Cooper,Cooper Kupp,Kupp,15.333333333333334,3,9100,LAR@DAL,LAR,DAL,,,,,,WR/FLEX
95183-28744,RB,Raheem,Raheem Mostert,Mostert,19.428571428571427,7,9000,NE@MIA,MIA,NE,Q,Ankle,,,,RB/FLEX
95183-57439,QB,Patrick,Patrick Mahomes,Mahomes,22.297143118722097,7,9000,KC@DEN,KC,DEN,,,,,,QB
95183-33076,TE,Travis,Travis Kelce,Kelce,16.75,6,9000,KC@DEN,KC,DEN,,,,,,TE/FLEX
95183-63115,QB,Lamar,Lamar Jackson,Jackson,21.385713849748885,7,8800,BAL@ARI,BAL,ARI,,,,,,QB
95183-72846,WR,A.J.,A.J. Brown,Brown,17.842857360839844,7,8700,PHI@WAS,PHI,WAS,,,,,,WR/FLEX
95183-89956,RB,Travis,Travis Etienne Jr.,Etienne Jr.,18,7,8700,JAC@PIT,JAC,PIT,,,,,,RB/FLEX
95183-103342,RB,Kenneth,Kenneth Walker III,Walker III,16.349999745686848,6,8500,CLE@SEA,SEA,CLE,Q,Calf,,,,RB/FLEX
95183-85701,WR,Ja'Marr,Ja'Marr Chase,Chase,16.46666717529297,6,8500,CIN@SF,CIN,SF,,,,,,WR/FLEX
95183-42104,RB,Alvin,Alvin Kamara,Kamara,17.325000762939453,4,8300,NO@IND,NO,IND,,,,,,RB/FLEX
95183-90572,QB,Tua,Tua Tagovailoa,Tagovailoa,19.639999389648438,7,8200,NE@MIA,MIA,NE,,,,,,QB
95183-39716,WR,Adam,Adam Thielen,Thielen,17,6,8200,HOU@CAR,CAR,HOU,,,,,,WR/FLEX
95183-64401,RB,Saquon,Saquon Barkley,Barkley,15.274999618530273,4,8100,NYJ@NYG,NYG,NYJ,Q,Elbow,,,,RB/FLEX
95183-39280,RB,Derrick,Derrick Henry,Henry,13.629999796549479,6,8000,ATL@TEN,TEN,ATL,,,,,,RB/FLEX
95183-103020,WR,Puka,Puka Nacua,Nacua,16.657142639160156,7,8000,LAR@DAL,LAR,DAL,,,,,,WR/FLEX
95183-86631,WR,CeeDee,CeeDee Lamb,Lamb,12.09999974568685,6,7800,LAR@DAL,DAL,LAR,,,,,,WR/FLEX
95183-52436,TE,Mark,Mark Andrews,Andrews,13.283332824707031,6,7700,BAL@ARI,BAL,ARI,,,,,,TE/FLEX
95183-91598,RB,D'Andre,D'Andre Swift,Swift,13.314285278320312,7,7700,PHI@WAS,PHI,WAS,,,,,,RB/FLEX
95183-22038,QB,Kirk,Kirk Cousins,Cousins,19.268572126116073,7,7700,MIN@GB,MIN,GB,,,,,,QB
95183-85798,WR,Brandon,Brandon Aiyuk,Aiyuk,13.016666412353516,6,7700,CIN@SF,SF,CIN,,,,,,WR/FLEX
95183-63759,RB,Tony,Tony Pollard,Pollard,13.183333079020182,6,7600,LAR@DAL,DAL,LAR,,,,,,RB/FLEX
95183-69017,QB,Jordan,Jordan Love,Love,18.753332773844402,6,7600,MIN@GB,GB,MIN,,,,,,QB
95183-73048,WR,DK,DK Metcalf,Metcalf,11.34000015258789,5,7500,CLE@SEA,SEA,CLE,,,,,,WR/FLEX
95183-89951,QB,Trevor,Trevor Lawrence,Lawrence,15.617142813546318,7,7500,JAC@PIT,JAC,PIT,Q,Knee,,,,QB
95183-92575,RB,Isiah,Isiah Pacheco,Pacheco,13.242856706891741,7,7400,KC@DEN,KC,DEN,,,,,,RB/FLEX
95183-129471,QB,C.J.,C.J. Stroud,Stroud,17.233333587646484,6,7400,HOU@CAR,HOU,CAR,,,,,,QB
95183-110246,WR,George,George Pickens,Pickens,12.84999974568685,6,7400,JAC@PIT,PIT,JAC,,,,,,WR/FLEX
95183-129210,WR,Jordan,Jordan Addison,Addison,12.928571428571429,7,7300,MIN@GB,MIN,GB,,,,,,WR/FLEX
95183-31716,QB,Dak,Dak Prescott,Prescott,14.636666615804037,6,7300,LAR@DAL,DAL,LAR,,,,,,QB
95183-87770,WR,Chris,Chris Olave,Olave,10.37142835344587,7,7300,NO@IND,NO,IND,,,,,,WR/FLEX
95183-103064,RB,Breece,Breece Hall,Hall,12.066666920979818,6,7200,NYJ@NYG,NYJ,NYG,,,,,,RB/FLEX
95183-103564,WR,Garrett,Garrett Wilson,Wilson,10.816666920979818,6,7200,NYJ@NYG,NYJ,NYG,,,,,,WR/FLEX
95183-91419,WR,Nico,Nico Collins,Collins,14.533332824707031,6,7200,HOU@CAR,HOU,CAR,,,,,,WR/FLEX
95183-85607,QB,Brock,Brock Purdy,Purdy,17.531428745814733,7,7200,CIN@SF,SF,CIN,Q,Concussion,,,,QB
95183-90573,WR,Jaylen,Jaylen Waddle,Waddle,10.450000127156576,6,7100,NE@MIA,MIA,NE,Q,Back,,,,WR/FLEX
95183-89675,RB,Jonathan,Jonathan Taylor,Taylor,10.800000508626303,3,7100,NO@IND,IND,NO,,,,,,RB/FLEX
95183-69213,WR,Michael,Michael Pittman Jr.,Pittman Jr.,11.985714503696986,7,7100,NO@IND,IND,NO,,,,,,WR/FLEX
95183-136855,RB,Bijan,Bijan Robinson,Robinson,11.757143293108259,7,7100,ATL@TEN,ATL,TEN,,,,,,RB/FLEX
95183-63336,QB,Joe,Joe Burrow,Burrow,12.09999974568685,6,7100,CIN@SF,CIN,SF,,,,,,QB
95183-63519,QB,Daniel,Daniel Jones,Jones,12.212000274658203,5,7000,NYJ@NYG,NYG,NYJ,Q,Neck,,,,QB
95183-45229,RB,Kareem,Kareem Hunt,Hunt,8.850000381469727,4,7000,CLE@SEA,CLE,SEA,Q,Thigh,,,,RB/FLEX
95183-90533,RB,Jerome,Jerome Ford,Ford,12.633333841959635,6,7000,CLE@SEA,CLE,SEA,D,Ankle,,,,RB/FLEX
95183-56018,WR,Deebo,Deebo Samuel,Samuel,10.283333460489908,6,7000,CIN@SF,SF,CIN,O,Shoulder,,,,WR/FLEX
95183-56250,WR,Terry,Terry McLaurin,McLaurin,10.528570992606026,7,7000,PHI@WAS,WAS,PHI,,,,,,WR/FLEX
95183-60858,WR,Christian,Christian Kirk,Kirk,11.922857012067523,7,7000,JAC@PIT,JAC,PIT,,,,,,WR/FLEX
95183-22015,QB,Russell,Russell Wilson,Wilson,17.294285365513392,7,7000,KC@DEN,DEN,KC,,,,,,QB
95183-54879,QB,Deshaun,Deshaun Watson,Watson,13.654999732971191,4,7000,CLE@SEA,CLE,SEA,Q,Shoulder,,,,QB
95183-85671,WR,Justin,Justin Jefferson,Jefferson,18.219999694824217,5,7000,MIN@GB,MIN,GB,IR,Hamstring,,,,WR/FLEX
95183-57403,WR,Courtland,Courtland Sutton,Sutton,10.942856924874443,7,6900,KC@DEN,DEN,KC,,,,,,WR/FLEX
95183-104576,QB,Sam,Sam Howell,Howell,16.694285801478795,7,6900,PHI@WAS,WAS,PHI,,,,,,QB
95183-61798,QB,Gardner,Gardner Minshew II,Minshew II,11.863333384195963,6,6900,NO@IND,IND,NO,,,,,,QB
95183-90576,WR,DeVonta,DeVonta Smith,Smith,9.471429007393974,7,6900,PHI@WAS,PHI,WAS,,,,,,WR/FLEX
95183-14377,QB,Tyrod,Tyrod Taylor,Taylor,7.468000030517578,5,6800,NYJ@NYG,NYG,NYJ,,,,,,QB
95183-64555,WR,Calvin,Calvin Ridley,Ridley,9.042857033865792,7,6800,JAC@PIT,JAC,PIT,,,,,,WR/FLEX
95183-40442,RB,Aaron,Aaron Jones,Jones,11.59999974568685,3,6800,MIN@GB,GB,MIN,Q,Hamstring,,,,RB/FLEX
95183-89981,WR,Tee,Tee Higgins,Higgins,6.780000305175781,5,6800,CIN@SF,CIN,SF,,,,,,WR/FLEX
95183-86055,RB,Dameon,Dameon Pierce,Pierce,7.833333333333333,6,6700,HOU@CAR,HOU,CAR,,,,,,RB/FLEX
95183-112745,WR,Drake,Drake London,London,9.597142900739398,7,6700,ATL@TEN,ATL,TEN,,,,,,WR/FLEX
95183-94370,WR,Romeo,Romeo Doubs,Doubs,10.216666539510092,6,6700,MIN@GB,GB,MIN,,,,,,WR/FLEX
95183-86278,QB,Desmond,Desmond Ridder,Ridder,14.914285932268415,7,6700,ATL@TEN,ATL,TEN,,,,,,QB
95183-27050,WR,Tyler,Tyler Lockett,Lockett,9.40000025431315,6,6700,CLE@SEA,SEA,CLE,Q,Hamstring,,,,WR/FLEX
95183-90584,QB,Mac,Mac Jones,Jones,11.885713849748884,7,6700,NE@MIA,NE,MIA,,,,,,QB
95183-16606,WR,DeAndre,DeAndre Hopkins,Hopkins,8.516666412353516,6,6600,ATL@TEN,TEN,ATL,,,,,,WR/FLEX
95183-31001,WR,Amari,Amari Cooper,Cooper,9.483333587646484,6,6600,CLE@SEA,CLE,SEA,,,,,,WR/FLEX
95183-90406,QB,Zach,Zach Wilson,Wilson,11.113333384195963,6,6600,NYJ@NYG,NYJ,NYG,,,,,,QB
95183-45859,QB,Derek,Derek Carr,Carr,12.299999782017299,7,6600,NO@IND,NO,IND,,,,,,QB
95183-119606,QB,Bryce,Bryce Young,Young,12.636000061035157,5,6600,HOU@CAR,CAR,HOU,,,,,,QB
95183-40167,RB,Gus,Gus Edwards,Edwards,8.557143075125557,7,6600,BAL@ARI,BAL,ARI,,,,,,RB/FLEX
95183-40407,QB,Joshua,Joshua Dobbs,Dobbs,14.948571341378349,7,6600,BAL@ARI,ARI,BAL,,,,,,QB
95183-71706,TE,T.J.,T.J. Hockenson,Hockenson,10.357142857142858,7,6500,MIN@GB,MIN,GB,Q,Foot,,,,TE/FLEX
95183-6654,QB,Matthew,Matthew Stafford,Stafford,15.174285888671875,7,6500,LAR@DAL,LAR,DAL,,,,,,QB
95183-86687,WR,Marquise,Marquise Brown,Brown,10.742856706891741,7,6500,BAL@ARI,ARI,BAL,,,,,,WR/FLEX
95183-93107,RB,AJ,AJ Dillon,Dillon,6.650000254313151,6,6500,MIN@GB,GB,MIN,,,,,,RB/FLEX
95183-52442,RB,Joe,Joe Mixon,Mixon,10.166666666666666,6,6500,CIN@SF,CIN,SF,,,,,,RB/FLEX
95183-21948,QB,Ryan,Ryan Tannehill,Tannehill,9.519999821980795,6,6500,ATL@TEN,TEN,ATL,Q,Ankle,,,,QB
95183-87691,QB,Malik,Malik Willis,Willis,4.659999847412109,1,6500,ATL@TEN,TEN,ATL,,,,,,QB
95183-112295,WR,Zay,Zay Flowers,Flowers,10.12857164655413,7,6500,BAL@ARI,BAL,ARI,,,,,,WR/FLEX
95183-26483,QB,Geno,Geno Smith,Smith,14.18999989827474,6,6500,CLE@SEA,SEA,CLE,,,,,,QB
95183-92020,QB,Kenny,Kenny Pickett,Pickett,12.2466672261556,6,6500,JAC@PIT,PIT,JAC,,,,,,QB
95183-63855,WR,K.J.,K.J. Osborn,Osborn,7.014285496303013,7,6400,MIN@GB,MIN,GB,,,,,,WR/FLEX
95183-25011,TE,Darren,Darren Waller,Waller,8.785714285714286,7,6400,NYJ@NYG,NYG,NYJ,Q,Hamstring,,,,TE/FLEX
95183-66008,WR,Diontae,Diontae Johnson,Johnson,8.350000381469727,2,6400,JAC@PIT,PIT,JAC,Q,Hamstring,,,,WR/FLEX
95183-41827,QB,P.J.,P.J. Walker,Walker,6.099999904632568,2,6400,CLE@SEA,CLE,SEA,,,,,,QB
95183-111540,RB,Rhamondre,Rhamondre Stevenson,Stevenson,9.5,7,6400,NE@MIA,NE,MIA,,,,,,RB/FLEX
95183-71845,RB,Miles,Miles Sanders,Sanders,7.319999694824219,5,6300,HOU@CAR,CAR,HOU,,,,,,RB/FLEX
95183-90575,RB,Najee,Najee Harris,Harris,7.533333460489909,6,6300,JAC@PIT,PIT,JAC,,,,,,RB/FLEX
95183-87467,RB,Chuba,Chuba Hubbard,Hubbard,7.099999745686849,6,6300,HOU@CAR,CAR,HOU,,,,,,RB/FLEX
95183-40534,QB,Mike,Mike White,White,2.5899999141693115,2,6300,NE@MIA,MIA,NE,,,,,,QB
95183-169776,WR,Christian,Christian Watson,Watson,7.933333079020183,3,6300,MIN@GB,GB,MIN,,,,,,WR/FLEX
95183-53331,QB,Taylor,Taylor Heinicke,Heinicke,13.551111009385851,9,6200,ATL@TEN,ATL,TEN,,,,,,QB
95183-86243,QB,Will,Will Levis,Levis,,,6200,ATL@TEN,TEN,ATL,,,,,,QB
95183-92413,RB,Elijah,Elijah Mitchell,Mitchell,1.625,4,6200,CIN@SF,SF,CIN,,,,,,RB/FLEX
95183-24849,QB,Jameis,Jameis Winston,Winston,0.8800000349680582,3,6200,NO@IND,NO,IND,,,,,,QB
95183-90428,RB,Tyler,Tyler Allgeier,Allgeier,8.157142639160156,7,6200,ATL@TEN,ATL,TEN,,,,,,RB/FLEX
95183-80289,WR,Kendrick,Kendrick Bourne,Bourne,10.057143075125557,7,6200,NE@MIA,NE,MIA,,,,,,WR/FLEX
95183-64051,QB,Drew,Drew Lock,Lock,3.619999885559082,1,6200,CLE@SEA,SEA,CLE,,,,,,QB
95183-83074,TE,Dallas,Dallas Goedert,Goedert,8.557143075125557,7,6200,PHI@WAS,PHI,WAS,,,,,,TE/FLEX
95183-27986,QB,C.J.,C.J. Beathard,Beathard,0.07999999821186066,2,6200,JAC@PIT,JAC,PIT,,,,,,QB
95183-14225,QB,Andy,Andy Dalton,Dalton,11.819999694824219,2,6200,HOU@CAR,CAR,HOU,,,,,,QB
95183-63589,QB,Sam,Sam Darnold,Darnold,-0.11500000208616257,4,6100,CIN@SF,SF,CIN,,,,,,QB
95183-86200,QB,Sean,Sean Clifford,Clifford,0,1,6100,MIN@GB,GB,MIN,,,,,,QB
95183-129305,WR,Josh,Josh Downs,Downs,9.799999782017299,7,6100,NO@IND,IND,NO,,,,,,WR/FLEX
95183-70027,RB,Zack,Zack Moss,Moss,17.21666717529297,6,6100,NO@IND,IND,NO,Q,Elbow,,,,RB/FLEX
95183-92560,QB,Sam,Sam Ehlinger,Ehlinger,9.654999732971191,4,6100,NO@IND,IND,NO,,,,,,QB
95183-90562,RB,Brian,Brian Robinson Jr.,Robinson Jr.,12.471429007393974,7,6100,PHI@WAS,WAS,PHI,,,,,,RB/FLEX
95183-41562,QB,Nick,Nick Mullens,Mullens,3.190000057220459,4,6100,MIN@GB,MIN,GB,IR,Back,,,,QB
95183-29358,QB,Marcus,Marcus Mariota,Mariota,15.812307504507212,13,6100,PHI@WAS,PHI,WAS,,,,,,QB
95183-90813,QB,Clayton,Clayton Tune,Tune,0.1599999964237213,1,6100,BAL@ARI,ARI,BAL,,,,,,QB
95183-139985,QB,Bailey,Bailey Zappe,Zappe,1.5800000429153442,2,6100,NE@MIA,NE,MIA,,,,,,QB
95183-92975,QB,Malik,Malik Cunningham,Cunningham,0,1,6100,NE@MIA,NE,MIA,,,,,,QB
95183-39793,TE,George,George Kittle,Kittle,8.442856924874443,7,6100,CIN@SF,SF,CIN,,,,,,TE/FLEX
95183-72776,RB,Alexander,Alexander Mattison,Mattison,9.514285496303014,7,6100,MIN@GB,MIN,GB,,,,,,RB/FLEX
95183-60840,QB,Jake,Jake Browning,Browning,-0.10000000149011612,1,6100,CIN@SF,CIN,SF,,,,,,QB
95183-60947,QB,Jarrett,Jarrett Stidham,Stidham,15.213333129882812,3,6100,KC@DEN,DEN,KC,,,,,,QB
95183-30231,QB,Jacoby,Jacoby Brissett,Brissett,12.472856794084821,14,6100,PHI@WAS,WAS,PHI,,,,,,QB
95183-89628,QB,Davis,Davis Mills,Mills,13.101333618164062,15,6100,HOU@CAR,HOU,CAR,,,,,,QB
95183-44715,QB,Cooper,Cooper Rush,Rush,0.24000000953674316,3,6100,LAR@DAL,DAL,LAR,,,,,,QB
95183-38628,QB,Mitch,Mitch Trubisky,Trubisky,0.7200000286102295,1,6100,JAC@PIT,PIT,JAC,,,,,,QB
95183-61157,QB,Brett,Brett Rypien,Rypien,5.505000114440918,4,6100,LAR@DAL,LAR,DAL,,,,,,QB
95183-91898,QB,Dorian,Dorian Thompson-Robinson,Thompson-Robinson,4.239999771118164,1,6100,CLE@SEA,CLE,SEA,,,,,,QB
95183-8023,QB,Josh,Josh Johnson,Johnson,0.9300000071525574,2,6100,BAL@ARI,BAL,ARI,,,,,,QB
95183-14194,QB,Blaine,Blaine Gabbert,Gabbert,-0.8600000143051147,1,6100,KC@DEN,KC,DEN,,,,,,QB
95183-149696,QB,Trey,Trey Lance,Lance,6.730000019073486,2,6000,LAR@DAL,DAL,LAR,,,,,,QB
95183-45259,QB,Logan,Logan Woodside,Woodside,,,6000,ATL@TEN,ATL,TEN,,,,,,QB
95183-129291,WR,Tank,Tank Dell,Dell,10.95999984741211,5,6000,HOU@CAR,HOU,CAR,,,,,,WR/FLEX
95183-90400,QB,Jaren,Jaren Hall,Hall,,,6000,MIN@GB,MIN,GB,,,,,,QB
95183-129315,QB,Anthony,Anthony Richardson,Richardson,18.420000076293945,4,6000,NO@IND,IND,NO,IR,Shoulder - ac joint,,,,QB
95183-31047,QB,AJ,AJ McCarron,McCarron,,,6000,CIN@SF,CIN,SF,,,,,,QB
95183-88440,QB,Braxton,Braxton Burmeister,Burmeister,,,6000,LAR@DAL,LAR,DAL,,,,,,QB
95183-70051,QB,Tyler,Tyler Huntley,Huntley,0.4000000059604645,2,6000,BAL@ARI,BAL,ARI,,,,,,QB
95183-31170,QB,Brandon,Brandon Allen,Allen,0.7799999713897705,1,6000,CIN@SF,SF,CIN,,,,,,QB
95183-22994,QB,Case,Case Keenum,Keenum,0.1599999964237213,2,6000,HOU@CAR,HOU,CAR,,,,,,QB
95183-53729,QB,Mason,Mason Rudolph,Rudolph,,,6000,JAC@PIT,PIT,JAC,,,,,,QB
95183-45565,TE,Taysom,Taysom Hill,Hill,5.714285714285714,7,6000,NO@IND,NO,IND,Q,Chest,,,,TE/FLEX
95183-94718,QB,Nathan,Nathan Rourke,Rourke,,,6000,JAC@PIT,JAC,PIT,,,,,,QB
95183-88602,QB,Jordan,Jordan Ta'amu,Ta'amu,,,6000,MIN@GB,MIN,GB,,,,,,QB
95183-94748,QB,Tommy,Tommy DeVito,DeVito,,,6000,NYJ@NYG,NYG,NYJ,,,,,,QB
95183-88630,QB,Matt,Matt Corral,Corral,,,6000,NE@MIA,NE,MIA,,,,,,QB
95183-94797,QB,Kellen,Kellen Mond,Mond,,,6000,NO@IND,IND,NO,,,,,,QB
95183-111311,WR,Rashee,Rashee Rice,Rice,8.742857251848493,7,6000,KC@DEN,KC,DEN,,,,,,WR/FLEX
95183-6894,QB,Aaron,Aaron Rodgers,Rodgers,0,1,6000,NYJ@NYG,NYJ,NYG,IR,Achilles,,,,QB
95183-29445,QB,Sean,Sean Mannion,Mannion,,,6000,MIN@GB,MIN,GB,,,,,,QB
95183-86793,QB,Jake,Jake Haener,Haener,,,6000,NO@IND,NO,IND,,,,,,QB
95183-93103,QB,E.J.,E.J. Perry,Perry,,,6000,HOU@CAR,HOU,CAR,,,,,,QB
95183-52342,QB,Will,Will Grier,Grier,,,6000,NE@MIA,NE,MIA,,,,,,QB
95183-89236,QB,James,James Blackman,Blackman,,,6000,NE@MIA,MIA,NE,,,,,,QB
95183-130269,QB,Reid,Reid Sinnett,Sinnett,,,6000,CIN@SF,CIN,SF,,,,,,QB
95183-54507,QB,Alex,Alex McGough,McGough,,,6000,MIN@GB,GB,MIN,,,,,,QB
95183-11500,QB,Colt,Colt McCoy,McCoy,8.949999809265137,4,6000,BAL@ARI,ARI,BAL,,,,,,QB
95183-185629,QB,Tim,Tim DeMorat,DeMorat,,,6000,PHI@WAS,WAS,PHI,,,,,,QB
95183-185640,QB,Dresser,Dresser Winn,Winn,,,6000,LAR@DAL,LAR,DAL,,,,,,QB
95183-93541,RB,Javonte,Javonte Williams,Williams,7.116666793823242,6,6000,KC@DEN,DEN,KC,,,,,,RB/FLEX
95183-91511,QB,Holton,Holton Ahlers,Ahlers,,,6000,CLE@SEA,SEA,CLE,,,,,,QB
95183-52613,WR,Curtis,Curtis Samuel,Samuel,9.5,7,6000,PHI@WAS,WAS,PHI,Q,Foot,,,,WR/FLEX
95183-73118,QB,Ian,Ian Book,Book,,,6000,NE@MIA,NE,MIA,,,,,,QB
95183-185773,QB,Nolan,Nolan Henderson,Henderson,,,6000,BAL@ARI,BAL,ARI,,,,,,QB
95183-91583,QB,Stetson,Stetson Bennett,Bennett,,,6000,LAR@DAL,LAR,DAL,IR,Illness,,,,QB
95183-91639,QB,Jake,Jake Fromm,Fromm,,,6000,PHI@WAS,WAS,PHI,,,,,,QB
95183-89607,QB,Tanner,Tanner McKee,McKee,,,6000,PHI@WAS,PHI,WAS,,,,,,QB
95183-40482,QB,Tim,Tim Boyle,Boyle,-0.8799999952316284,1,6000,NYJ@NYG,NYJ,NYG,,,,,,QB
95183-30253,QB,Jeff,Jeff Driskel,Driskel,2.388571330479213,7,6000,BAL@ARI,ARI,BAL,,,,,,QB
95183-138820,RB,De'Von,De'Von Achane,Achane,24.299999237060547,4,6000,NE@MIA,MIA,NE,IR,Knee,,,,RB/FLEX
95183-71242,QB,Jarrett,Jarrett Guarantano,Guarantano,,,6000,KC@DEN,DEN,KC,,,,,,QB
95183-69294,QB,Skylar,Skylar Thompson,Thompson,4.195000171661377,8,6000,NE@MIA,MIA,NE,,,,,,QB
95183-73398,QB,Chris,Chris Oladokun,Oladokun,,,6000,KC@DEN,KC,DEN,,,,,,QB
95183-52929,QB,Jake,Jake Luton,Luton,,,6000,HOU@CAR,CAR,HOU,,,,,,QB
95183-40669,WR,Tyler,Tyler Boyd,Boyd,6.900000254313151,6,6000,CIN@SF,CIN,SF,,,,,,WR/FLEX
95183-40687,RB,James,James Conner,Conner,11.080000305175782,5,6000,BAL@ARI,ARI,BAL,IR,Knee,,,,RB/FLEX
95183-28434,QB,Trevor,Trevor Siemian,Siemian,5.579999923706055,2,6000,NYJ@NYG,NYJ,NYG,,,,,,QB
95183-85860,QB,Tanner,Tanner Morgan,Morgan,,,6000,MIN@GB,MIN,GB,,,,,,QB
95183-38767,QB,Chris,Chris Streveler,Streveler,9,1,6000,NYJ@NYG,NYJ,NYG,Q,Thumb,,,,QB
95183-28573,WR,Michael,Michael Thomas,Thomas,8.585714067731585,7,6000,NO@IND,NO,IND,,,,,,WR/FLEX
95183-92082,QB,Austin,Austin Aune,Aune,,,6000,ATL@TEN,ATL,TEN,,,,,,QB
95183-38837,QB,Danny,Danny Etling,Etling,,,6000,MIN@GB,GB,MIN,,,,,,QB
95183-69597,QB,Anthony,Anthony Brown,Brown,3.7899999618530273,2,6000,BAL@ARI,BAL,ARI,,,,,,QB
95183-63469,QB,Ben,Ben DiNucci,DiNucci,,,6000,KC@DEN,DEN,KC,,,,,,QB
95183-104433,RB,Kyren,Kyren Williams,Williams,17.433333079020183,6,6000,LAR@DAL,LAR,DAL,IR,Ankle,,,,RB/FLEX
95183-63484,QB,Kyler,Kyler Murray,Murray,18.865454933860086,11,6000,BAL@ARI,ARI,BAL,NA,Knee - acl,,,,QB
95183-90561,WR,Jerry,Jerry Jeudy,Jeudy,6.849999745686849,6,5900,KC@DEN,DEN,KC,,,,,,WR/FLEX
95183-70157,RB,Darrell,Darrell Henderson Jr.,Henderson Jr.,13.100000381469727,1,5900,LAR@DAL,LAR,DAL,,,,,,RB/FLEX
95183-55552,RB,Jeff,Jeff Wilson Jr.,Wilson Jr.,0.8999999761581421,1,5800,NE@MIA,MIA,NE,,,,,,RB/FLEX
95183-89455,WR,Jayden,Jayden Reed,Reed,8.483333587646484,6,5800,MIN@GB,GB,MIN,,,,,,WR/FLEX
95183-112057,RB,Jaylen,Jaylen Warren,Warren,8.183333079020182,6,5800,JAC@PIT,PIT,JAC,,,,,,RB/FLEX
95183-52917,WR,DJ,DJ Chark Jr.,Chark Jr.,7.6400001525878904,5,5800,HOU@CAR,CAR,HOU,,,,,,WR/FLEX
95183-55042,TE,Dalton,Dalton Schultz,Schultz,8.333333333333334,6,5800,HOU@CAR,HOU,CAR,,,,,,TE/FLEX
95183-88575,WR,Elijah,Elijah Moore,Moore,5.700000127156575,6,5700,CLE@SEA,CLE,SEA,,,,,,WR/FLEX
95183-86875,RB,Jordan,Jordan Mason,Mason,6.375,4,5700,CIN@SF,SF,CIN,,,,,,RB/FLEX
95183-41872,TE,Evan,Evan Engram,Engram,7.871428353445871,7,5700,JAC@PIT,JAC,PIT,,,,,,TE/FLEX
95183-38791,RB,Ezekiel,Ezekiel Elliott,Elliott,6.399999891008649,7,5700,NE@MIA,NE,MIA,,,,,,RB/FLEX
95183-170287,WR,Rashid,Rashid Shaheed,Shaheed,8.842857360839844,7,5600,NO@IND,NO,IND,,,,,,WR/FLEX
95183-94579,RB,Emari,Emari Demercado,Demercado,4.916666666666667,6,5600,BAL@ARI,ARI,BAL,,,,,,RB/FLEX
95183-90912,RB,Kenneth,Kenneth Gainwell,Gainwell,5.416666666666667,6,5600,PHI@WAS,PHI,WAS,,,,,,RB/FLEX
95183-86080,TE,Kyle,Kyle Pitts,Pitts,6.842857360839844,7,5500,ATL@TEN,ATL,TEN,,,,,,TE/FLEX
95183-61593,WR,Jauan,Jauan Jennings,Jennings,4.016666730244954,6,5500,CIN@SF,SF,CIN,,,,,,WR/FLEX
95183-69956,WR,Michael,Michael Gallup,Gallup,4.899999936421712,6,5500,LAR@DAL,DAL,LAR,,,,,,WR/FLEX
95183-41305,WR,Zay,Zay Jones,Jones,7.933333079020183,3,5500,JAC@PIT,JAC,PIT,Q,Knee,,,,WR/FLEX
95183-55970,RB,Royce,Royce Freeman,Freeman,6.599999904632568,1,5500,LAR@DAL,LAR,DAL,,,,,,RB/FLEX
95183-103539,WR,Wan'Dale,Wan'Dale Robinson,Robinson,5.720000076293945,5,5500,NYJ@NYG,NYG,NYJ,Q,Knee,,,,WR/FLEX
95183-86229,WR,Jahan,Jahan Dotson,Dotson,5.0428570338657925,7,5400,PHI@WAS,WAS,PHI,,,,,,WR/FLEX
95183-63819,WR,Darius,Darius Slayton,Slayton,4.971428462437221,7,5400,NYJ@NYG,NYG,NYJ,,,,,,WR/FLEX
95183-31360,WR,Odell,Odell Beckham Jr.,Beckham Jr.,4.6400001525878904,5,5400,BAL@ARI,BAL,ARI,Q,Shoulder,,,,WR/FLEX
95183-92976,WR,Tutu,Tutu Atwell,Atwell,9.67142813546317,7,5400,LAR@DAL,LAR,DAL,,,,,,WR/FLEX
95183-64389,WR,Nick,Nick Westbrook-Ikhine,Westbrook-Ikhine,7.3599998474121096,5,5400,ATL@TEN,TEN,ATL,,,,,,WR/FLEX
95183-70603,RB,Devin,Devin Singletary,Singletary,4.1566667556762695,6,5400,HOU@CAR,HOU,CAR,,,,,,RB/FLEX
95183-29685,WR,Robert,Robert Woods,Woods,6.616666793823242,6,5400,HOU@CAR,HOU,CAR,Q,Foot,,,,WR/FLEX
95183-40647,WR,Marquez,Marquez Valdes-Scantling,Valdes-Scantling,4.428571428571429,7,5400,KC@DEN,KC,DEN,,,,,,WR/FLEX
95183-26355,TE,Logan,Logan Thomas,Thomas,7.549999872843425,6,5400,PHI@WAS,WAS,PHI,,,,,,TE/FLEX
95183-129458,WR,Jaxon,Jaxon Smith-Njigba,Smith-Njigba,5.549999872843425,6,5300,CLE@SEA,SEA,CLE,,,,,,WR/FLEX
95183-160306,RB,Pierre,Pierre Strong Jr.,Strong Jr.,4.050000190734863,4,5300,CLE@SEA,CLE,SEA,,,,,,RB/FLEX
95183-29501,WR,Brandin,Brandin Cooks,Cooks,5.079999923706055,5,5300,LAR@DAL,DAL,LAR,,,,,,WR/FLEX
95183-29683,WR,Nelson,Nelson Agholor,Agholor,7.116666793823242,6,5300,BAL@ARI,BAL,ARI,,,,,,WR/FLEX
95183-48116,TE,Jonnu,Jonnu Smith,Smith,8.15000025431315,6,5300,ATL@TEN,ATL,TEN,,,,,,TE/FLEX
95183-56809,WR,Allen,Allen Lazard,Lazard,5.666666666666667,6,5300,NYJ@NYG,NYJ,NYG,,,,,,WR/FLEX
95183-89612,WR,Michael,Michael Wilson,Wilson,8.114285605294365,7,5300,BAL@ARI,ARI,BAL,,,,,,WR/FLEX
95183-71521,RB,Justice,Justice Hill,Hill,7.299999872843425,6,5300,BAL@ARI,BAL,ARI,,,,,,RB/FLEX
95183-30733,RB,Cordarrelle,Cordarrelle Patterson,Patterson,2.633333365122477,3,5200,ATL@TEN,ATL,TEN,,,,,,RB/FLEX
95183-86052,WR,Kadarius,Kadarius Toney,Toney,3.6142856052943637,7,5200,KC@DEN,KC,DEN,,,,,,WR/FLEX
95183-43433,RB,Boston,Boston Scott,Scott,1.899999976158142,4,5200,PHI@WAS,PHI,WAS,,,,,,RB/FLEX
95183-89230,RB,Cam,Cam Akers,Akers,5.3799999237060545,5,5200,MIN@GB,MIN,GB,,,,,,RB/FLEX
95183-111876,WR,Demario,Demario Douglas,Douglas,4.533333460489909,6,5200,NE@MIA,NE,MIA,,,,,,WR/FLEX
95183-73111,WR,Chase,Chase Claypool,Claypool,4.366666793823242,3,5200,NE@MIA,MIA,NE,,,,,,WR/FLEX
95183-110259,WR,Treylon,Treylon Burks,Burks,4.600000063578288,3,5200,ATL@TEN,TEN,ATL,,,,,,WR/FLEX
95183-40845,TE,Hunter,Hunter Henry,Henry,6.142857142857143,7,5200,NE@MIA,NE,MIA,Q,Ankle,,,,TE/FLEX
95183-55335,TE,David,David Njoku,Njoku,5.266666730244954,6,5100,CLE@SEA,CLE,SEA,Q,Knee,,,,TE/FLEX
95183-53303,RB,Matt,Matt Breida,Breida,3.828571319580078,7,5100,NYJ@NYG,NYG,NYJ,,,,,,RB/FLEX
95183-86312,WR,Alec,Alec Pierce,Pierce,3.8857143947056363,7,5100,NO@IND,IND,NO,,,,,,WR/FLEX
95183-92545,RB,Keaontay,Keaontay Ingram,Ingram,2.2249999046325684,4,5100,BAL@ARI,ARI,BAL,,,,,,RB/FLEX
95183-45631,RB,Jamaal,Jamaal Williams,Williams,3.5,3,5100,NO@IND,NO,IND,,,,,,RB/FLEX
95183-55987,WR,JuJu,JuJu Smith-Schuster,Smith-Schuster,3.1200000762939455,5,5100,NE@MIA,NE,MIA,,,,,,WR/FLEX
95183-93055,WR,Isaiah,Isaiah Hodgins,Hodgins,3.6666666666666665,6,5100,NYJ@NYG,NYG,NYJ,,,,,,WR/FLEX
95183-93150,WR,Jake,Jake Bobo,Bobo,5.44000015258789,5,5100,CLE@SEA,SEA,CLE,,,,,,WR/FLEX
95183-91426,WR,Donovan,Donovan Peoples-Jones,Peoples-Jones,2.2833333015441895,6,5100,CLE@SEA,CLE,SEA,,,,,,WR/FLEX
95183-12545,D,Philadelphia,Philadelphia Eagles,Eagles,8.428571428571429,7,5000,PHI@WAS,PHI,WAS,,,,,,DEF
95183-33260,WR,DeVante,DeVante Parker,Parker,3.566666603088379,6,5000,NE@MIA,NE,MIA,,,,,,WR/FLEX
95183-57840,RB,Rashaad,Rashaad Penny,Penny,1.899999976158142,1,5000,PHI@WAS,PHI,WAS,,,,,,RB/FLEX
95183-113228,TE,Luke,Luke Musgrave,Musgrave,4.983333269755046,6,5000,MIN@GB,GB,MIN,Q,Ankle,,,,TE/FLEX
95183-62055,WR,Ray-Ray,Ray-Ray McCloud III,McCloud III,1.4285714285714286,7,5000,CIN@SF,SF,CIN,,,,,,WR/FLEX
95183-25267,WR,Mack,Mack Hollins,Hollins,4.066666603088379,6,5000,ATL@TEN,ATL,TEN,,,,,,WR/FLEX
95183-54140,RB,Dalvin,Dalvin Cook,Cook,3,6,5000,NYJ@NYG,NYJ,NYG,,,,,,RB/FLEX
95183-147051,RB,Jaleel,Jaleel McLaughlin,McLaughlin,7.485714503696987,7,5000,KC@DEN,DEN,KC,,,,,,RB/FLEX
95183-71352,WR,Mecole,Mecole Hardman Jr.,Hardman Jr.,0.7333333492279053,3,5000,KC@DEN,KC,DEN,,,,,,WR/FLEX
95183-69581,WR,Cedrick,Cedrick Wilson Jr.,Wilson Jr.,5.033333460489909,3,5000,NE@MIA,MIA,NE,,,,,,WR/FLEX
95183-73687,WR,Quez,Quez Watkins,Watkins,2.049999952316284,2,5000,PHI@WAS,PHI,WAS,IR,Hamstring,,,,WR/FLEX
95183-12530,D,Dallas,Dallas Cowboys,Cowboys,13.833333333333334,6,4900,LAR@DAL,DAL,LAR,,,,,,DEF
95183-102893,RB,Tyrion,Tyrion Davis-Price,Davis-Price,2.0999999046325684,1,4900,CIN@SF,SF,CIN,,,,,,RB/FLEX
95183-107293,RB,Tyjae,Tyjae Spears,Spears,6.950000127156575,6,4900,ATL@TEN,TEN,ATL,,,,,,RB/FLEX
95183-64496,WR,Olamide,Olamide Zaccheaus,Zaccheaus,3.8499999046325684,4,4900,PHI@WAS,PHI,WAS,,,,,,WR/FLEX
95183-29780,TE,Zach,Zach Ertz,Ertz,5.4571429661342075,7,4900,BAL@ARI,ARI,BAL,IR,Quadriceps,,,,TE/FLEX
95183-91401,WR,Ronnie,Ronnie Bell,Bell,3.5333334604899087,3,4900,CIN@SF,SF,CIN,,,,,,WR/FLEX
95183-52495,WR,Braxton,Braxton Berrios,Berrios,4.9571429661342075,7,4900,NE@MIA,MIA,NE,,,,,,WR/FLEX
95183-112062,WR,Skyy,Skyy Moore,Moore,4.399999891008649,7,4900,KC@DEN,KC,DEN,,,,,,WR/FLEX
95183-112192,WR,Jonathan,Jonathan Mingo,Mingo,4.159999847412109,5,4900,HOU@CAR,CAR,HOU,,,,,,WR/FLEX
95183-89680,TE,Jake,Jake Ferguson,Ferguson,5.916666666666667,6,4900,LAR@DAL,DAL,LAR,,,,,,TE/FLEX
95183-85845,WR,Rashod,Rashod Bateman,Bateman,2.9666665395100913,6,4900,BAL@ARI,BAL,ARI,,,,,,WR/FLEX
95183-110457,WR,Dontayvion,Dontayvion Wicks,Wicks,3.6433334350585938,6,4900,MIN@GB,GB,MIN,,,,,,WR/FLEX
95183-28643,WR,Allen,Allen Robinson II,Robinson II,3.8999999364217124,6,4900,JAC@PIT,PIT,JAC,,,,,,WR/FLEX
95183-12555,D,Baltimore,Baltimore Ravens,Ravens,10,7,4800,BAL@ARI,BAL,ARI,,,,,,DEF
95183-64031,TE,Hayden,Hayden Hurst,Hurst,4.100000063578288,6,4800,HOU@CAR,CAR,HOU,,,,,,TE/FLEX
95183-86780,RB,Salvon,Salvon Ahmed,Ahmed,4.599999904632568,4,4800,NE@MIA,MIA,NE,,,,,,RB/FLEX
95183-47870,TE,Tyler,Tyler Higbee,Higbee,4.942856924874442,7,4800,LAR@DAL,LAR,DAL,,,,,,TE/FLEX
95183-56265,TE,Mike,Mike Gesicki,Gesicki,4.199999945504325,7,4800,NE@MIA,NE,MIA,,,,,,TE/FLEX
95183-60451,TE,Tyler,Tyler Conklin,Conklin,5.450000127156575,6,4800,NYJ@NYG,NYJ,NYG,,,,,,TE/FLEX
95183-54608,RB,Jerick,Jerick McKinnon,McKinnon,4.685714176722935,7,4800,KC@DEN,KC,DEN,Q,Groin,,,,RB/FLEX
95183-64905,WR,Trenton,Trenton Irwin,Irwin,4.066666603088379,3,4800,CIN@SF,CIN,SF,,,,,,WR/FLEX
95183-71143,TE,Kylen,Kylen Granson,Granson,5.166666666666667,6,4800,NO@IND,IND,NO,Q,Concussion,,,,TE/FLEX
95183-85672,WR,Terrace,Terrace Marshall Jr.,Marshall Jr.,4.849999904632568,4,4800,HOU@CAR,CAR,HOU,,,,,,WR/FLEX
95183-139094,WR,Jalin,Jalin Hyatt,Hyatt,4.8,5,4800,NYJ@NYG,NYG,NYJ,,,,,,WR/FLEX
95183-14190,WR,Julio,Julio Jones,Jones,0.800000011920929,1,4800,PHI@WAS,PHI,WAS,,,,,,WR/FLEX
95183-71705,TE,Noah,Noah Fant,Fant,5.079999923706055,5,4700,CLE@SEA,SEA,CLE,Q,Toe,,,,TE/FLEX
95183-88297,TE,Chig,Chig Okonkwo,Okonkwo,3.4500001271565757,6,4700,ATL@TEN,TEN,ATL,,,,,,TE/FLEX
95183-27441,RB,Damien,Damien Williams,Williams,2.549999952316284,2,4700,BAL@ARI,ARI,BAL,,,,,,RB/FLEX
95183-90933,RB,Antonio,Antonio Gibson,Gibson,4.685714176722935,7,4700,PHI@WAS,WAS,PHI,,,,,,RB/FLEX
95183-56262,WR,Parris,Parris Campbell,Campbell,2.75,6,4700,NYJ@NYG,NYG,NYJ,,,,,,WR/FLEX
95183-52345,WR,Brandon,Brandon Powell,Powell,2.642857142857143,7,4700,MIN@GB,MIN,GB,,,,,,WR/FLEX
95183-83083,WR,Justin,Justin Watson,Watson,4.149999936421712,6,4700,KC@DEN,KC,DEN,,,,,,WR/FLEX
95183-93408,WR,Rondale,Rondale Moore,Moore,5.628571646554129,7,4700,BAL@ARI,ARI,BAL,,,,,,WR/FLEX
95183-120093,WR,Marvin,Marvin Mims Jr.,Mims Jr.,5.685714176722935,7,4700,KC@DEN,DEN,KC,,,,,,WR/FLEX
95183-60712,TE,Foster,Foster Moreau,Moreau,5.050000190734863,4,4700,NO@IND,NO,IND,,,,,,TE/FLEX
95183-85306,WR,KhaDarel,KhaDarel Hodge,Hodge,1.7799999237060546,5,4700,ATL@TEN,ATL,TEN,,,,,,WR/FLEX
95183-91750,TE,Trey,Trey McBride,McBride,3.5,7,4700,BAL@ARI,ARI,BAL,,,,,,TE/FLEX
95183-79979,WR,Jamal,Jamal Agnew,Agnew,1.8833333651224773,6,4600,JAC@PIT,JAC,PIT,,,,,,WR/FLEX
95183-12539,D,Miami,Miami Dolphins,Dolphins,6.428571428571429,7,4600,NE@MIA,MIA,NE,,,,,,DEF
95183-92590,RB,Raheem,Raheem Blackshear,Blackshear,2.700000047683716,1,4600,HOU@CAR,CAR,HOU,,,,,,RB/FLEX
95183-72297,RB,Rico,Rico Dowdle,Dowdle,4.033333460489909,6,4600,LAR@DAL,DAL,LAR,,,,,,RB/FLEX
95183-92882,TE,Connor,Connor Heyward,Heyward,2.5,4,4600,JAC@PIT,PIT,JAC,,,,,,TE/FLEX
95183-56248,WR,Noah,Noah Brown,Brown,4.050000190734863,2,4600,HOU@CAR,HOU,CAR,,,,,,WR/FLEX
95183-42046,TE,Durham,Durham Smythe,Smythe,3.5599998474121093,5,4600,NE@MIA,MIA,NE,,,,,,TE/FLEX
95183-64581,WR,Van,Van Jefferson,Jefferson,2.7000001271565757,6,4600,ATL@TEN,ATL,TEN,,,,,,WR/FLEX
95183-87127,RB,Chris,Chris Rodriguez Jr.,Rodriguez Jr.,1.524999976158142,4,4600,PHI@WAS,WAS,PHI,,,,,,RB/FLEX
95183-52451,RB,Samaje,Samaje Perine,Perine,5.328571319580078,7,4600,KC@DEN,DEN,KC,,,,,,RB/FLEX
95183-89588,TE,Colby,Colby Parkinson,Parkinson,3.116666793823242,6,4600,CLE@SEA,SEA,CLE,,,,,,TE/FLEX
95183-60930,RB,Myles,Myles Gaskin,Gaskin,3.700000047683716,2,4600,LAR@DAL,LAR,DAL,,,,,,RB/FLEX
95183-128693,RB,Tank,Tank Bigsby,Bigsby,2.6000000635782876,6,4600,JAC@PIT,JAC,PIT,,,,,,RB/FLEX
95183-61112,TE,Josiah,Josiah Deguara,Deguara,3.1000000635782876,3,4600,MIN@GB,GB,MIN,,,,,,TE/FLEX
95183-85741,RB,Clyde,Clyde Edwards-Helaire,Edwards-Helaire,3.3000000544956754,7,4600,KC@DEN,KC,DEN,,,,,,RB/FLEX
95183-88109,RB,Gary,Gary Brightwell,Brightwell,3.0333334604899087,3,4500,NYJ@NYG,NYG,NYJ,Q,Hamstring,,,,RB/FLEX
95183-28900,RB,Melvin,Melvin Gordon III,Gordon III,5.699999809265137,2,4500,BAL@ARI,BAL,ARI,,,,,,RB/FLEX
95183-86244,TE,Pat,Pat Freiermuth,Freiermuth,5.324999809265137,4,4500,JAC@PIT,PIT,JAC,IR,Hamstring,,,,TE/FLEX
95183-69860,RB,Trayveon,Trayveon Williams,Williams,0.7833333015441895,6,4500,CIN@SF,CIN,SF,,,,,,RB/FLEX
95183-12536,D,Kansas City,Kansas City Chiefs,Chiefs,8.571428571428571,7,4500,KC@DEN,KC,DEN,,,,,,DEF
95183-131328,RB,Zach,Zach Evans,Evans,1,1,4500,LAR@DAL,LAR,DAL,,,,,,RB/FLEX
95183-33047,WR,Chris,Chris Moore,Moore,3.3,5,4500,ATL@TEN,TEN,ATL,Q,Concussion,,,,WR/FLEX
95183-102696,WR,John,John Metchie III,Metchie III,2.549999952316284,4,4500,HOU@CAR,HOU,CAR,,,,,,WR/FLEX
95183-29411,TE,Pharaoh,Pharaoh Brown,Brown,7.400000254313151,3,4500,NE@MIA,NE,MIA,,,,,,TE/FLEX
95183-103376,RB,Zach,Zach Charbonnet,Charbonnet,3.5,5,4500,CLE@SEA,SEA,CLE,Q,Hamstring,,,,RB/FLEX
95183-91101,TE,Tommy,Tommy Tremble,Tremble,4.033333460489909,3,4500,HOU@CAR,CAR,HOU,,,,,,TE/FLEX
95183-72725,TE,Irv,Irv Smith Jr.,Smith Jr.,2.066666603088379,3,4500,CIN@SF,CIN,SF,,,,,,TE/FLEX
95183-152631,WR,Samori,Samori Toure,Toure,2.1399999618530274,5,4500,MIN@GB,GB,MIN,,,,,,WR/FLEX
95183-89185,TE,Ben,Ben Sims,Sims,1.2000000476837158,2,4500,MIN@GB,GB,MIN,,,,,,TE/FLEX
95183-185593,WR,Andrei,Andrei Iosivas,Iosivas,4.099999904632568,2,4500,CIN@SF,CIN,SF,,,,,,WR/FLEX
95183-64808,TE,Juwan,Juwan Johnson,Johnson,3.2000001271565757,3,4500,NO@IND,NO,IND,Q,Calf,,,,TE/FLEX
95183-89437,WR,Tim,Tim Jones,Jones,1.2999999523162842,4,4500,JAC@PIT,JAC,PIT,,,,,,WR/FLEX
95183-44449,WR,Willie,Willie Snead IV,Snead IV,1.399999976158142,1,4500,CIN@SF,SF,CIN,,,,,,WR/FLEX
95183-71241,WR,Brandon,Brandon Johnson,Johnson,5.700000127156575,6,4500,KC@DEN,DEN,KC,Q,Hamstring,,,,WR/FLEX
95183-147049,TE,Drew,Drew Ogletree,Ogletree,3.8,5,4500,NO@IND,IND,NO,,,,,,TE/FLEX
95183-26251,WR,Robbie,Robbie Chosen,Chosen,6.650000095367432,2,4500,NE@MIA,MIA,NE,,,,,,WR/FLEX
95183-87859,WR,Laviska,Laviska Shenault Jr.,Shenault Jr.,2.2166666984558105,6,4500,HOU@CAR,CAR,HOU,Q,Ankle,,,,WR/FLEX
95183-91971,RB,Ronnie,Ronnie Rivers,Rivers,1.9,5,4500,LAR@DAL,LAR,DAL,IR,Knee - pcl,,,,RB/FLEX
95183-69451,TE,Jack,Jack Stoll,Stoll,1,2,4500,PHI@WAS,PHI,WAS,,,,,,TE/FLEX
95183-61273,WR,Scotty,Scotty Miller,Miller,2,4,4500,ATL@TEN,ATL,TEN,,,,,,WR/FLEX
95183-14257,WR,Randall,Randall Cobb,Cobb,0.9166666666666666,6,4500,NYJ@NYG,NYJ,NYG,Q,Shoulder,,,,WR/FLEX
95183-90307,TE,Daniel,Daniel Bellinger,Bellinger,1.0499999523162842,4,4400,NYJ@NYG,NYG,NYJ,,,,,,TE/FLEX
95183-86255,TE,Josh,Josh Whyle,Whyle,4.133333206176758,3,4400,ATL@TEN,TEN,ATL,Q,Concussion,,,,TE/FLEX
95183-12544,D,New York,New York Jets,Jets,10,6,4400,NYJ@NYG,NYJ,NYG,,,,,,DEF
95183-53639,WR,Isaiah,Isaiah McKenzie,McKenzie,1.0714285714285714,7,4400,NO@IND,IND,NO,,,,,,WR/FLEX
95183-63907,TE,Josh,Josh Oliver,Oliver,3.2,5,4400,MIN@GB,MIN,GB,,,,,,TE/FLEX
95183-102928,RB,Eric,Eric Gray,Gray,0.47142856461661203,7,4400,NYJ@NYG,NYG,NYJ,IR,Calf,,,,RB/FLEX
95183-58041,RB,Mike,Mike Boone,Boone,1.2000000476837158,4,4400,HOU@CAR,HOU,CAR,,,,,,RB/FLEX
95183-90870,WR,Calvin,Calvin Austin III,Austin III,4.450000127156575,6,4400,JAC@PIT,PIT,JAC,,,,,,WR/FLEX
95183-27477,WR,Sterling,Sterling Shepard,Shepard,0.5199999809265137,5,4400,NYJ@NYG,NYG,NYJ,,,,,,WR/FLEX
95183-70601,TE,Harrison,Harrison Bryant,Bryant,1.4666666984558105,6,4400,CLE@SEA,CLE,SEA,,,,,,TE/FLEX
95183-93143,TE,Noah,Noah Gray,Gray,4.01428576878139,7,4400,KC@DEN,KC,DEN,,,,,,TE/FLEX
95183-41997,WR,River,River Cracraft,Cracraft,5.900000254313151,3,4400,NE@MIA,MIA,NE,IR,Shoulder,,,,WR/FLEX
95183-89220,WR,Tyquan,Tyquan Thornton,Thornton,0.8999999761581421,2,4400,NE@MIA,NE,MIA,,,,,,WR/FLEX
95183-103587,TE,Brenton,Brenton Strange,Strange,3.7999998728434243,3,4400,JAC@PIT,JAC,PIT,,,,,,TE/FLEX
95183-87371,RB,Ty,Ty Chandler,Chandler,1.8333333333333333,6,4400,MIN@GB,MIN,GB,,,,,,RB/FLEX
95183-93539,RB,Michael,Michael Carter,Carter,2.0833333333333335,6,4400,NYJ@NYG,NYJ,NYG,,,,,,RB/FLEX
95183-93538,WR,Dyami,Dyami Brown,Brown,2.339999961853027,5,4400,PHI@WAS,WAS,PHI,,,,,,WR/FLEX
95183-89493,RB,Chase,Chase Brown,Brown,0.699999988079071,4,4400,CIN@SF,CIN,SF,Q,Hamstring,,,,RB/FLEX
95183-32243,WR,Marquise,Marquise Goodwin,Goodwin,1.0500000317891438,6,4400,CLE@SEA,CLE,SEA,Q,Back,,,,WR/FLEX
95183-60957,WR,KaVontae,KaVontae Turpin,Turpin,4.366666793823242,6,4400,LAR@DAL,DAL,LAR,,,,,,WR/FLEX
95183-40758,RB,Corey,Corey Clement,Clement,4.849999904632568,4,4400,BAL@ARI,ARI,BAL,,,,,,RB/FLEX
95183-112455,WR,Xavier,Xavier Gipson,Gipson,1.3333333333333333,6,4400,NYJ@NYG,NYJ,NYG,,,,,,WR/FLEX
95183-120657,RB,Kendre,Kendre Miller,Miller,4.474999904632568,4,4400,NO@IND,NO,IND,,,,,,RB/FLEX
95183-94087,RB,DeeJay,DeeJay Dallas,Dallas,0.4166666666666667,6,4400,CLE@SEA,SEA,CLE,,,,,,RB/FLEX
95183-94094,TE,Brevin,Brevin Jordan,Jordan,4.533333460489909,3,4400,HOU@CAR,HOU,CAR,Q,Foot,,,,TE/FLEX
95183-24533,TE,Mo,Mo Alie-Cox,Alie-Cox,2.8200000762939452,5,4400,NO@IND,IND,NO,,,,,,TE/FLEX
95183-137254,RB,Deuce,Deuce Vaughn,Vaughn,2.0999999046325684,4,4300,LAR@DAL,DAL,LAR,,,,,,RB/FLEX
95183-53390,WR,Zach,Zach Pascal,Pascal,0.7800000190734864,5,4300,BAL@ARI,ARI,BAL,Q,Neck,,,,WR/FLEX
95183-63697,TE,Brycen,Brycen Hopkins,Hopkins,1.5333333015441895,3,4300,LAR@DAL,LAR,DAL,,,,,,TE/FLEX
95183-12550,D,Seattle,Seattle Seahawks,Seahawks,10.166666666666666,6,4300,CLE@SEA,SEA,CLE,,,,,,DEF
95183-94625,WR,Jalen,Jalen Reagor,Reagor,1.600000023841858,1,4300,NE@MIA,NE,MIA,,,,,,WR/FLEX
95183-88548,WR,Jalen,Jalen Tolbert,Tolbert,2.1500000953674316,4,4300,LAR@DAL,DAL,LAR,,,,,,WR/FLEX
95183-31207,TE,C.J.,C.J. Uzomah,Uzomah,2.549999952316284,4,4300,NYJ@NYG,NYJ,NYG,,,,,,TE/FLEX
95183-88816,TE,Peyton,Peyton Hendershot,Hendershot,0.26666667064030963,3,4300,LAR@DAL,DAL,LAR,IR,Ankle,,,,TE/FLEX
95183-27403,TE,Blake,Blake Bell,Bell,3.700000047683716,2,4300,KC@DEN,KC,DEN,,,,,,TE/FLEX
95183-134023,RB,Keaton,Keaton Mitchell,Mitchell,1.399999976158142,1,4300,BAL@ARI,BAL,ARI,Q,Hamstring,,,,RB/FLEX
95183-72705,TE,John,John Bates,Bates,2.4600000381469727,5,4300,PHI@WAS,WAS,PHI,,,,,,TE/FLEX
95183-29734,RB,Ty,Ty Montgomery II,Montgomery II,1.25,4,4300,NE@MIA,NE,MIA,Q,Knee,,,,RB/FLEX
95183-62505,TE,MyCole,MyCole Pruitt,Pruitt,1.399999976158142,4,4300,ATL@TEN,ATL,TEN,,,,,,TE/FLEX
95183-87260,TE,Isaiah,Isaiah Likely,Likely,1.1749999523162842,4,4300,BAL@ARI,BAL,ARI,,,,,,TE/FLEX
95183-130270,TE,Adam,Adam Trautman,Trautman,2.6285713740757535,7,4300,KC@DEN,DEN,KC,,,,,,TE/FLEX
95183-71032,WR,Devin,Devin Duvernay,Duvernay,0.549999992052714,6,4300,BAL@ARI,BAL,ARI,,,,,,WR/FLEX
95183-56711,TE,Drew,Drew Sample,Sample,0.8333333333333334,3,4300,CIN@SF,CIN,SF,,,,,,TE/FLEX
95183-71105,WR,Ben,Ben Skowronek,Skowronek,0.8500000238418579,4,4300,LAR@DAL,LAR,DAL,Q,Achilles,,,,WR/FLEX
95183-185861,RB,Emanuel,Emanuel Wilson,Wilson,1.9666666984558105,3,4300,MIN@GB,GB,MIN,,,,,,RB/FLEX
95183-69168,WR,N'Keal,N'Keal Harry,Harry,3.5166667302449546,6,4300,MIN@GB,MIN,GB,,,,,,WR/FLEX
95183-69295,WR,Byron,Byron Pringle,Pringle,1.625,4,4300,PHI@WAS,WAS,PHI,,,,,,WR/FLEX
95183-91902,WR,Kyle,Kyle Philips,Philips,-0.44999998807907104,2,4300,ATL@TEN,TEN,ATL,,,,,,WR/FLEX
95183-40726,RB,Godwin,Godwin Igwebuike,Igwebuike,0,1,4300,JAC@PIT,PIT,JAC,,,,,,RB/FLEX
95183-89964,WR,Justyn,Justyn Ross,Ross,1.6333333651224773,3,4300,KC@DEN,KC,DEN,,,,,,WR/FLEX
95183-94345,TE,Cole,Cole Turner,Turner,3.049999952316284,4,4200,PHI@WAS,WAS,PHI,,,,,,TE/FLEX
95183-63646,TE,Lawrence,Lawrence Cager,Cager,2.700000047683716,1,4200,NYJ@NYG,NYG,NYJ,,,,,,TE/FLEX
95183-24755,WR,Jamison,Jamison Crowder,Crowder,0.5166666507720947,6,4200,PHI@WAS,WAS,PHI,,,,,,WR/FLEX
95183-57543,RB,D'Ernest,D'Ernest Johnson,Johnson,0.9499999682108561,6,4200,JAC@PIT,JAC,PIT,,,,,,RB/FLEX
95183-170184,RB,Julius,Julius Chestnut,Chestnut,1.1333333651224773,6,4200,ATL@TEN,TEN,ATL,IR,Hamstring,,,,RB/FLEX
95183-88277,RB,Anthony,Anthony McFarland Jr.,McFarland Jr.,2.0999999046325684,1,4200,JAC@PIT,PIT,JAC,IR,Knee,,,,RB/FLEX
95183-63717,RB,Alec,Alec Ingold,Ingold,2.3999999364217124,3,4200,NE@MIA,MIA,NE,Q,Foot,,,,RB/FLEX
95183-12549,D,San Francisco,San Francisco 49ers,49ers,7.571428571428571,7,4200,CIN@SF,SF,CIN,,,,,,DEF
95183-12554,D,Jacksonville,Jacksonville Jaguars,Jaguars,9.142857142857142,7,4200,JAC@PIT,JAC,PIT,,,,,,DEF
95183-30989,RB,Kenyan,Kenyan Drake,Drake,2.0999999046325684,1,4200,BAL@ARI,BAL,ARI,,,,,,RB/FLEX
95183-133477,TE,Darnell,Darnell Washington,Washington,0.75,2,4200,JAC@PIT,PIT,JAC,,,,,,TE/FLEX
95183-86646,RB,Trey,Trey Sermon,Sermon,1.099999984105428,3,4200,NO@IND,IND,NO,,,,,,RB/FLEX
95183-92890,WR,Cody,Cody White,White,0.699999988079071,1,4200,CLE@SEA,SEA,CLE,,,,,,WR/FLEX
95183-72427,WR,Kwamie,Kwamie Lassiter II,Lassiter II,0.699999988079071,1,4200,CIN@SF,CIN,SF,,,,,,WR/FLEX
95183-72515,TE,Ian,Ian Thomas,Thomas,1.5333333015441895,3,4200,HOU@CAR,CAR,HOU,IR,Calf,,,,TE/FLEX
95183-41806,WR,Laquon,Laquon Treadwell,Treadwell,2.3999999364217124,3,4200,BAL@ARI,BAL,ARI,,,,,,WR/FLEX
95183-93026,TE,Teagan,Teagan Quitoriano,Quitoriano,1.433333396911621,3,4200,HOU@CAR,HOU,CAR,,,,,,TE/FLEX
95183-119653,WR,Kayshon,Kayshon Boutte,Boutte,0,1,4200,NE@MIA,NE,MIA,,,,,,WR/FLEX
95183-70501,RB,C.J.,C.J. Ham,Ham,1.4500000476837158,2,4200,MIN@GB,MIN,GB,,,,,,RB/FLEX
95183-45997,WR,Keith,Keith Kirkwood,Kirkwood,0.15000000596046448,4,4200,NO@IND,NO,IND,,,,,,WR/FLEX
95183-72627,RB,Patrick,Patrick Taylor,Taylor,2.0999999046325684,4,4200,NE@MIA,NE,MIA,,,,,,RB/FLEX
95183-43973,RB,Keith,Keith Smith,Smith,1.850000023841858,2,4200,ATL@TEN,ATL,TEN,,,,,,RB/FLEX
95183-93134,RB,Deon,Deon Jackson,Jackson,1.2999999523162842,1,4200,NYJ@NYG,NYG,NYJ,,,,,,RB/FLEX
95183-70705,TE,Trevon,Trevon Wesco,Wesco,1.2999999523162842,2,4200,ATL@TEN,TEN,ATL,,,,,,TE/FLEX
95183-89157,RB,Caleb,Caleb Huntley,Huntley,3.6583334604899087,12,4200,ATL@TEN,ATL,TEN,Q,Achilles,,,,RB/FLEX
95183-83117,TE,Tanner,Tanner Hudson,Hudson,3.4000000953674316,2,4200,CIN@SF,CIN,SF,,,,,,TE/FLEX
95183-83138,TE,Ross,Ross Dwelley,Dwelley,0.8500000238418579,2,4200,CIN@SF,SF,CIN,,,,,,TE/FLEX
95183-70859,TE,Albert,Albert Okwuegbunam,Okwuegbunam,3.4166666666666665,6,4200,PHI@WAS,PHI,WAS,,,,,,TE/FLEX
95183-11512,TE,Jimmy,Jimmy Graham,Graham,3.6500000953674316,2,4200,NO@IND,NO,IND,Q,Illness,,,,TE/FLEX
95183-91417,TE,Luke,Luke Schoonmaker,Schoonmaker,1.649999976158142,4,4200,LAR@DAL,DAL,LAR,,,,,,TE/FLEX
95183-71031,WR,Lil'Jordan,Lil'Jordan Humphrey,Humphrey,3.5333334604899087,3,4200,KC@DEN,DEN,KC,,,,,,WR/FLEX
95183-56708,TE,Will,Will Dissly,Dissly,2.866666793823242,3,4200,CLE@SEA,SEA,CLE,,,,,,TE/FLEX
95183-73121,RB,Tony,Tony Jones Jr.,Jones Jr.,7.700000127156575,3,4200,BAL@ARI,ARI,BAL,,,,,,RB/FLEX
95183-73130,RB,Chris,Chris Evans,Evans,1.600000023841858,1,4200,CIN@SF,CIN,SF,,,,,,RB/FLEX
95183-73176,TE,Luke,Luke Farrell,Farrell,1.6666666666666667,3,4200,JAC@PIT,JAC,PIT,,,,,,TE/FLEX
95183-114180,WR,David,David Bell,Bell,1.7666667302449544,3,4200,CLE@SEA,CLE,SEA,,,,,,WR/FLEX
95183-173626,TE,Nate,Nate Adkins,Adkins,1.0499999523162842,4,4200,KC@DEN,DEN,KC,,,,,,TE/FLEX
95183-38523,TE,Geoff,Geoff Swaim,Swaim,1.5,3,4200,BAL@ARI,ARI,BAL,,,,,,TE/FLEX
95183-61072,WR,Stanley,Stanley Morgan,Morgan,0,1,4200,CIN@SF,CIN,SF,,,,,,WR/FLEX
95183-89785,RB,Spencer,Spencer Brown,Brown,3.1500000953674316,2,4200,HOU@CAR,CAR,HOU,,,,,,RB/FLEX
95183-30403,WR,Chris,Chris Conley,Conley,1.649999976158142,4,4200,CIN@SF,SF,CIN,,,,,,WR/FLEX
95183-87815,TE,Jeremy,Jeremy Ruckert,Ruckert,1.8666666348775227,3,4200,NYJ@NYG,NYJ,NYG,,,,,,TE/FLEX
95183-91931,TE,Greg,Greg Dulcich,Dulcich,2,2,4200,KC@DEN,DEN,KC,IR,Hamstring,,,,TE/FLEX
95183-94116,TE,Will,Will Mallory,Mallory,1.9666666984558105,3,4200,NO@IND,IND,NO,,,,,,TE/FLEX
95183-65607,TE,Jacob,Jacob Harris,Harris,1.100000023841858,1,4100,JAC@PIT,JAC,PIT,,,,,,TE/FLEX
95183-55366,RB,Qadree,Qadree Ollison,Ollison,,,4100,JAC@PIT,PIT,JAC,,,,,,RB/FLEX
95183-79974,RB,Tarik,Tarik Cohen,Cohen,,,4100,HOU@CAR,CAR,HOU,,,,,,RB/FLEX
95183-79980,TE,Eric,Eric Saubert,Saubert,2.176923018235427,13,4100,LAR@DAL,DAL,LAR,,,,,,TE/FLEX
95183-55414,WR,Cody,Cody Thompson,Thompson,1.5,1,4100,CLE@SEA,SEA,CLE,,,,,,WR/FLEX
95183-104577,WR,Gunner,Gunner Olszewski,Olszewski,-1.75,2,4100,NYJ@NYG,NYG,NYJ,,,,,,WR/FLEX
95183-28827,RB,Dare,Dare Ogunbowale,Ogunbowale,0.4000000059604645,1,4100,HOU@CAR,HOU,CAR,,,,,,RB/FLEX
95183-65724,RB,JaMycal,JaMycal Hasty,Hasty,0,1,4100,JAC@PIT,JAC,PIT,,,,,,RB/FLEX
95183-32957,TE,Eric,Eric Tomlinson,Tomlinson,3.049999952316284,8,4100,BAL@ARI,BAL,ARI,,,,,,TE/FLEX
95183-129219,RB,Israel,Israel Abanikanda,Abanikanda,,,4100,NYJ@NYG,NYJ,NYG,,,,,,RB/FLEX
95183-12529,D,Cleveland,Cleveland Browns,Browns,9,6,4100,CLE@SEA,CLE,SEA,,,,,,DEF
95183-12534,D,Tennessee,Tennessee Titans,Titans,5.833333333333333,6,4100,ATL@TEN,TEN,ATL,,,,,,DEF
95183-53498,WR,Richie,Richie James Jr.,James Jr.,-0.44999998807907104,2,4100,KC@DEN,KC,DEN,IR,Knee - mcl,,,,WR/FLEX
95183-137516,WR,Parker,Parker Washington,Washington,0,1,4100,JAC@PIT,JAC,PIT,IR,Knee,,,,WR/FLEX
95183-102729,RB,Snoop,Snoop Conner,Conner,2.0399999618530273,5,4100,JAC@PIT,JAC,PIT,,,,,,RB/FLEX
95183-63839,TE,Tyler,Tyler Mabry,Mabry,7.199999809265137,1,4100,CLE@SEA,SEA,CLE,,,,,,TE/FLEX
95183-110978,RB,Evan,Evan Hull,Hull,1.2000000476837158,1,4100,NO@IND,IND,NO,IR,Knee,,,,RB/FLEX
95183-80299,RB,Patrick,Patrick Ricard,Ricard,2.2666667302449546,3,4100,BAL@ARI,BAL,ARI,,,,,,RB/FLEX
95183-14820,RB,Nick,Nick Bellore,Bellore,0.30000001192092896,1,4100,CLE@SEA,SEA,CLE,,,,,,RB/FLEX
95183-72182,WR,Dee,Dee Eskridge,Eskridge,1.144444465637207,9,4100,CLE@SEA,SEA,CLE,Q,Knee,,,,WR/FLEX
95183-39428,RB,Kyle,Kyle Juszczyk,Juszczyk,3.375,4,4100,CIN@SF,SF,CIN,,,,,,RB/FLEX
95183-86543,WR,Erik,Erik Ezukanma,Ezukanma,1.100000023841858,2,4100,NE@MIA,MIA,NE,IR,Neck,,,,WR/FLEX
95183-88607,WR,Braylon,Braylon Sanders,Sanders,0.3499999940395355,2,4100,NE@MIA,MIA,NE,,,,,,WR/FLEX
95183-160303,TE,Tucker,Tucker Kraft,Kraft,1.5,1,4100,MIN@GB,GB,MIN,,,,,,TE/FLEX
95183-150090,WR,Cade,Cade Johnson,Johnson,2.8333333333333335,3,4100,CLE@SEA,SEA,CLE,,,,,,WR/FLEX
95183-102986,WR,Elijah,Elijah Higgins,Higgins,0.5,1,4100,BAL@ARI,ARI,BAL,,,,,,WR/FLEX
95183-88685,WR,Austin,Austin Trammell,Trammell,-0.5,4,4100,LAR@DAL,LAR,DAL,,,,,,WR/FLEX
95183-94831,RB,Deneric,Deneric Prince,Prince,,,4100,KC@DEN,KC,DEN,,,,,,RB/FLEX
95183-70282,WR,Demetric,Demetric Felton,Felton,0.27999999523162844,5,4100,CIN@SF,CIN,SF,,,,,,WR/FLEX
95183-64147,WR,Britain,Britain Covey,Covey,0,6,4100,PHI@WAS,PHI,WAS,,,,,,WR/FLEX
95183-86682,TE,Grant,Grant Calcaterra,Calcaterra,2.1200000762939455,5,4100,PHI@WAS,PHI,WAS,,,,,,TE/FLEX
95183-80546,TE,Dan,Dan Arnold,Arnold,1.8,10,4100,PHI@WAS,PHI,WAS,,,,,,TE/FLEX
95183-94887,RB,Tyler,Tyler Badie,Badie,8.899999618530273,1,4100,KC@DEN,DEN,KC,,,,,,RB/FLEX
95183-88752,WR,Charlie,Charlie Jones,Jones,2.366666634877523,3,4100,CIN@SF,CIN,SF,IR,Thumb,,,,WR/FLEX
95183-72370,RB,J.J.,J.J. Taylor,Taylor,2.200000047683716,1,4100,NE@MIA,NE,MIA,,,,,,RB/FLEX
95183-92859,WR,Jalen,Jalen Nailor,Nailor,5.679999923706054,5,4100,MIN@GB,MIN,GB,IR,Hamstring,,,,WR/FLEX
95183-53967,RB,Nick,Nick Bawden,Bawden,6.099999904632568,1,4100,NYJ@NYG,NYJ,NYG,,,,,,RB/FLEX
95183-94936,RB,Larry,Larry Rountree III,Rountree III,2.1500000953674316,2,4100,HOU@CAR,HOU,CAR,,,,,,RB/FLEX
95183-93075,TE,Hunter,Hunter Long,Long,0,1,4100,LAR@DAL,LAR,DAL,IR,Hamstring,,,,TE/FLEX
95183-64403,WR,Irvin,Irvin Charles,Charles,,,4100,NYJ@NYG,NYJ,NYG,Q,Shoulder,,,,WR/FLEX
95183-119788,WR,Xavier,Xavier Hutchinson,Hutchinson,0.9666666984558105,3,4100,HOU@CAR,HOU,CAR,,,,,,WR/FLEX
95183-70663,WR,Frank,Frank Darby,Darby,2,1,4100,ATL@TEN,ATL,TEN,,,,,,WR/FLEX
95183-72772,RB,Avery,Avery Williams,Williams,1.6176470588235294,17,4100,ATL@TEN,ATL,TEN,IR,Knee - acl,,,,RB/FLEX
95183-68730,TE,Sean,Sean McKeon,McKeon,0,2,4100,LAR@DAL,DAL,LAR,,,,,,TE/FLEX
95183-58499,TE,Parker,Parker Hesse,Hesse,1.4888888465033636,9,4100,ATL@TEN,ATL,TEN,O,Undisclosed,,,,TE/FLEX
95183-54426,TE,Andrew,Andrew Beck,Beck,2.066666603088379,3,4100,HOU@CAR,HOU,CAR,,,,,,TE/FLEX
95183-25813,WR,Phillip,Phillip Dorsett II,Dorsett II,0,1,4100,KC@DEN,DEN,KC,,,,,,WR/FLEX
95183-93404,RB,Zander,Zander Horvath,Horvath,2.012500047683716,8,4100,JAC@PIT,PIT,JAC,,,,,,RB/FLEX
95183-91361,RB,Hassan,Hassan Haskins,Haskins,1.7083333333333333,12,4100,ATL@TEN,TEN,ATL,IR,Undisclosed,,,,RB/FLEX
95183-130288,RB,James,James Robinson,Robinson,7.55454531582919,11,4100,MIN@GB,GB,MIN,,,,,,RB/FLEX
95183-60705,WR,Tyron,Tyron Billy-Johnson,Billy-Johnson,0.6499999761581421,2,4100,LAR@DAL,DAL,LAR,,,,,,WR/FLEX
95183-64827,WR,Miles,Miles Boykin,Boykin,0.5,2,4100,JAC@PIT,PIT,JAC,,,,,,WR/FLEX
95183-91488,RB,Chris,Chris Brooks,Brooks,4.699999809265137,2,4100,NE@MIA,MIA,NE,IR,Ankle,,,,RB/FLEX
95183-87432,WR,Cedric,Cedric Tillman,Tillman,1,1,4100,CLE@SEA,CLE,SEA,,,,,,WR/FLEX
95183-138643,WR,Jason,Jason Brownlee,Brownlee,,,4100,NYJ@NYG,NYJ,NYG,,,,,,WR/FLEX
95183-87469,TE,Jelani,Jelani Woods,Woods,5.141666730244954,12,4100,NO@IND,IND,NO,IR,Hamstring,,,,TE/FLEX
95183-40371,TE,Johnny,Johnny Mundt,Mundt,1.600000023841858,1,4100,MIN@GB,MIN,GB,,,,,,TE/FLEX
95183-26038,TE,Tyler,Tyler Kroft,Kroft,1.9249999523162842,4,4100,NE@MIA,MIA,NE,,,,,,TE/FLEX
95183-69068,RB,Jonathan,Jonathan Ward,Ward,2.0999999046325684,2,4100,ATL@TEN,TEN,ATL,,,,,,RB/FLEX
95183-87515,WR,Tylan,Tylan Wallace,Wallace,1.0600000381469727,5,4100,BAL@ARI,BAL,ARI,IR,Hamstring,,,,WR/FLEX
95183-34295,WR,Breshad,Breshad Perriman,Perriman,2.3499999046325684,8,4100,NO@IND,IND,NO,,,,,,WR/FLEX
95183-185850,TE,Julian,Julian Hill,Hill,0,1,4100,NE@MIA,MIA,NE,,,,,,TE/FLEX
95183-185863,RB,Hunter,Hunter Luepke,Luepke,3,3,4100,LAR@DAL,DAL,LAR,,,,,,RB/FLEX
95183-73247,RB,Kene,Kene Nwangwu,Nwangwu,0,1,4100,MIN@GB,MIN,GB,,,,,,RB/FLEX
95183-138786,WR,Malik,Malik Heath,Heath,0,3,4100,MIN@GB,GB,MIN,,,,,,WR/FLEX
95183-60977,RB,Ty'Son,Ty'Son Williams,Williams,1,1,4100,BAL@ARI,ARI,BAL,,,,,,RB/FLEX
95183-18009,TE,Chris,Chris Manhertz,Manhertz,0.5,3,4100,KC@DEN,DEN,KC,,,,,,TE/FLEX
95183-56947,TE,Chris,Chris Myarick,Myarick,2.2857142857142856,7,4100,NYJ@NYG,NYG,NYJ,IR,Hand,,,,TE/FLEX
95183-85635,TE,Charlie,Charlie Kolar,Kolar,0,1,4100,BAL@ARI,BAL,ARI,,,,,,TE/FLEX
95183-69276,WR,Bryan,Bryan Edwards,Edwards,0.75,4,4100,NO@IND,NO,IND,,,,,,WR/FLEX
95183-65182,TE,Mitchell,Mitchell Wilcox,Wilcox,1.600000023841858,2,4100,CIN@SF,CIN,SF,,,,,,TE/FLEX
95183-52897,RB,Darrel,Darrel Williams,Williams,3.8200000762939452,5,4100,NO@IND,NO,IND,,,,,,RB/FLEX
95183-71351,TE,Charlie,Charlie Woerner,Woerner,0,2,4100,CIN@SF,SF,CIN,,,,,,TE/FLEX
95183-65231,RB,Adam,Adam Prentice,Prentice,-0.5,1,4100,NO@IND,NO,IND,IR,Knee,,,,RB/FLEX
95183-63186,WR,James,James Proche II,Proche II,0.9199999809265137,10,4100,BAL@ARI,BAL,ARI,,,,,,WR/FLEX
95183-61172,TE,Tyler,Tyler Davis,Davis,0.9199999809265137,5,4100,MIN@GB,GB,MIN,IR,Knee,,,,TE/FLEX
95183-69383,WR,Dezmon,Dezmon Patmon,Patmon,3.4000000953674316,1,4100,HOU@CAR,CAR,HOU,,,,,,WR/FLEX
95183-136970,WR,Danny,Danny Gray,Gray,0.48000001907348633,5,4100,CIN@SF,SF,CIN,IR,Shoulder - ac joint,,,,WR/FLEX
95183-22288,WR,Cole,Cole Beasley,Beasley,3.1142856052943637,7,4100,NYJ@NYG,NYG,NYJ,,,,,,WR/FLEX
95183-69558,WR,Greg,Greg Dortch,Dortch,0,7,4100,BAL@ARI,ARI,BAL,,,,,,WR/FLEX
95183-65477,TE,Giovanni,Giovanni Ricci,Ricci,0.699999988079071,1,4100,HOU@CAR,CAR,HOU,IR,Shoulder,,,,TE/FLEX
95183-63479,RB,John,John Kelly Jr.,Kelly Jr.,,,4100,CLE@SEA,CLE,SEA,,,,,,RB/FLEX
95183-57338,TE,Jordan,Jordan Akins,Akins,0.875,4,4100,CLE@SEA,CLE,SEA,,,,,,TE/FLEX
95183-104447,TE,Jody,Jody Fortson,Fortson,2.529999923706055,10,4100,KC@DEN,KC,DEN,IR,Shoulder,,,,TE/FLEX
95183-57342,WR,Tre'Quan,Tre'Quan Smith,Smith,4.811111026340061,9,4100,KC@DEN,DEN,KC,,,,,,WR/FLEX
95183-92166,WR,Marcus,Marcus Jones,Jones,0,1,4000,NE@MIA,NE,MIA,IR,Shoulder,,,,WR/FLEX
95183-110603,RB,Titus,Titus Swen,Swen,,,4000,NO@IND,IND,NO,,,,,,RB/FLEX
95183-96269,RB,Owen,Owen Wright,Wright,,,4000,BAL@ARI,BAL,ARI,,,,,,RB/FLEX
95183-40977,TE,Ricky,Ricky Seals-Jones,Seals-Jones,,,4000,NO@IND,IND,NO,Q,Foot,,,,TE/FLEX
95183-170000,WR,Shemar,Shemar Bridges,Bridges,,,4000,BAL@ARI,BAL,ARI,,,,,,WR/FLEX
95183-69655,TE,Stephen,Stephen Sullivan,Sullivan,0.9333333174387614,6,4000,HOU@CAR,CAR,HOU,,,,,,TE/FLEX
95183-28694,TE,Jesse,Jesse James,James,,,4000,NO@IND,NO,IND,,,,,,TE/FLEX
95183-86047,RB,Malik,Malik Davis,Davis,5.233333269755046,6,4000,LAR@DAL,DAL,LAR,,,,,,RB/FLEX
95183-110624,WR,C.J.,C.J. Johnson,Johnson,,,4000,CLE@SEA,SEA,CLE,,,,,,WR/FLEX
95183-133163,WR,Ra'Shaun,Ra'Shaun Henry,Henry,,,4000,CLE@SEA,SEA,CLE,Q,Undisclosed,,,,WR/FLEX
95183-71723,WR,Dez,Dez Fitzpatrick,Fitzpatrick,,,4000,JAC@PIT,PIT,JAC,,,,,,WR/FLEX
95183-86068,WR,Jacob,Jacob Copeland,Copeland,,,4000,JAC@PIT,PIT,JAC,,,,,,WR/FLEX
95183-86075,TE,Lucas,Lucas Krull,Krull,,,4000,KC@DEN,DEN,KC,,,,,,TE/FLEX
95183-94269,RB,Henry,Henry Pearson,Pearson,,,4000,MIN@GB,GB,MIN,,,,,,RB/FLEX
95183-59455,TE,Sammis,Sammis Reyes,Reyes,,,4000,JAC@PIT,JAC,PIT,IR,Concussion,,,,TE/FLEX
95183-174148,RB,Carlos,Carlos Washington Jr.,Washington Jr.,,,4000,ATL@TEN,ATL,TEN,,,,,,RB/FLEX
95183-165962,TE,Nikola,Nikola Kalinic,Kalinic,0,1,4000,LAR@DAL,LAR,DAL,,,,,,TE/FLEX
95183-63576,WR,Kirk,Kirk Merritt,Merritt,,,4000,NO@IND,NO,IND,,,,,,WR/FLEX
95183-86108,RB,Monte,Monte Pottebaum,Pottebaum,,,4000,JAC@PIT,PIT,JAC,IR,Undisclosed,,,,RB/FLEX
95183-24671,WR,Adam,Adam Humphries,Humphries,,,4000,HOU@CAR,HOU,CAR,,,,,,WR/FLEX
95183-86113,WR,Ihmir,Ihmir Smith-Marsette,Smith-Marsette,0,6,4000,HOU@CAR,CAR,HOU,,,,,,WR/FLEX
95183-92256,WR,Malik,Malik Knowles,Knowles,,,4000,MIN@GB,MIN,GB,IR,Undisclosed,,,,WR/FLEX
95183-63591,RB,Ronald,Ronald Jones II,Jones II,2.616666634877523,6,4000,LAR@DAL,DAL,LAR,,,,,,RB/FLEX
95183-94314,RB,Camerun,Camerun Peoples,Peoples,,,4000,HOU@CAR,CAR,HOU,,,,,,RB/FLEX
95183-86125,WR,Brandon,Brandon Smith,Smith,,,4000,BAL@ARI,ARI,BAL,,,,,,WR/FLEX
95183-79982,RB,Alex,Alex Armah,Armah,,,4000,PHI@WAS,WAS,PHI,,,,,,RB/FLEX
95183-61555,WR,David,David Sills V,Sills V,2.3000000544956754,7,4000,KC@DEN,DEN,KC,,,,,,WR/FLEX
95183-69752,WR,Jalen,Jalen Virgil,Virgil,3.125,4,4000,KC@DEN,DEN,KC,IR,Knee - meniscus,,,,WR/FLEX
95183-71806,TE,Kaden,Kaden Smith,Smith,,,4000,PHI@WAS,WAS,PHI,,,,,,TE/FLEX
95183-84101,WR,Vyncint,Vyncint Smith,Smith,,,4000,NO@IND,IND,NO,,,,,,WR/FLEX
95183-155790,TE,Izaiah,Izaiah Gathings,Gathings,,,4000,KC@DEN,KC,DEN,,,,,,TE/FLEX
95183-94363,WR,Elijah,Elijah Cooks,Cooks,,,4000,JAC@PIT,JAC,PIT,,,,,,WR/FLEX
95183-92331,TE,Johnny,Johnny Lumpkin,Lumpkin,,,4000,NO@IND,IND,NO,,,,,,TE/FLEX
95183-61610,RB,Jacques,Jacques Patrick,Patrick,,,4000,ATL@TEN,TEN,ATL,,,,,,RB/FLEX
95183-157875,WR,Grant,Grant DuBose,DuBose,,,4000,MIN@GB,GB,MIN,,,,,,WR/FLEX
95183-86192,WR,KJ,KJ Hamler,Hamler,3.7166665395100913,6,4000,NO@IND,IND,NO,,,,,,WR/FLEX
95183-151737,TE,E.J.,E.J. Jenkins,Jenkins,,,4000,NYJ@NYG,NYJ,NYG,,,,,,TE/FLEX
95183-86205,WR,Mac,Mac Hippenhammer,Hippenhammer,,,4000,CIN@SF,CIN,SF,,,,,,WR/FLEX
95183-65737,TE,Sam,Sam Tecklenburg,Tecklenburg,,,4000,HOU@CAR,CAR,HOU,,,,,,TE/FLEX
95183-149710,WR,Mike,Mike Strachan,Strachan,1.4800000190734863,5,4000,HOU@CAR,CAR,HOU,,,,,,WR/FLEX
95183-170188,TE,Tanner,Tanner Conner,Conner,0,2,4000,NE@MIA,MIA,NE,,,,,,TE/FLEX
95183-170206,TE,Rodney,Rodney Williams II,Williams II,,,4000,JAC@PIT,PIT,JAC,,,,,,TE/FLEX
95183-149727,TE,Bernhard,Bernhard Seikovits,Seikovits,,,4000,BAL@ARI,ARI,BAL,,,,,,TE/FLEX
95183-137439,WR,Zion,Zion Bowens,Bowens,,,4000,PHI@WAS,WAS,PHI,,,,,,WR/FLEX
95183-86238,TE,Zack,Zack Kuntz,Kuntz,,,4000,NYJ@NYG,NYJ,NYG,,,,,,TE/FLEX
95183-170208,WR,Kaden,Kaden Davis,Davis,,,4000,BAL@ARI,ARI,BAL,,,,,,WR/FLEX
95183-170214,WR,Dennis,Dennis Houston,Houston,1.2999999523162842,2,4000,NYJ@NYG,NYG,NYJ,,,,,,WR/FLEX
95183-90343,WR,Jordan,Jordan Byrd,Byrd,,,4000,JAC@PIT,PIT,JAC,,,,,,WR/FLEX
95183-88294,WR,Dontay,Dontay Demus Jr.,Demus Jr.,,,4000,BAL@ARI,BAL,ARI,,,,,,WR/FLEX
95183-92395,RB,Chris,Chris Smith,Smith,,,4000,CLE@SEA,SEA,CLE,,,,,,RB/FLEX
95183-149742,RB,Nate,Nate McCrary,McCrary,,,4000,CLE@SEA,CLE,SEA,,,,,,RB/FLEX
95183-86254,TE,Leonard,Leonard Taylor,Taylor,,,4000,JAC@PIT,JAC,PIT,IR,Undisclosed,,,,TE/FLEX
95183-90353,WR,Jesse,Jesse Matthews,Matthews,,,4000,HOU@CAR,HOU,CAR,IR,Knee - acl,,,,WR/FLEX
95183-88313,WR,Brian,Brian Cobbs,Cobbs,,,4000,BAL@ARI,ARI,BAL,,,,,,WR/FLEX
95183-61693,TE,Danny,Danny Pinter,Pinter,,,4000,NO@IND,IND,NO,IR,Ankle,,,,TE/FLEX
95183-71935,WR,Kendric,Kendric Pryor,Pryor,,,4000,CIN@SF,CIN,SF,,,,,,WR/FLEX
95183-12542,D,New Orleans,New Orleans Saints,Saints,9,7,4000,NO@IND,NO,IND,,,,,,DEF
95183-12556,D,Houston,Houston Texans,Texans,7.666666666666667,6,4000,HOU@CAR,HOU,CAR,,,,,,DEF
95183-92432,WR,Jose,Jose Barbon,Barbon,,,4000,LAR@DAL,DAL,LAR,,,,,,WR/FLEX
95183-90398,TE,Matt,Matt Bushman,Bushman,,,4000,KC@DEN,KC,DEN,,,,,,TE/FLEX
95183-174372,WR,Nick,Nick Williams,Williams,,,4000,KC@DEN,DEN,KC,,,,,,WR/FLEX
95183-90408,WR,Dax,Dax Milne,Milne,0.8466666539510092,15,4000,PHI@WAS,WAS,PHI,IR,Groin,,,,WR/FLEX
95183-86316,RB,Chuck,Chuck McClelland,McClelland,,,4000,ATL@TEN,TEN,ATL,,,,,,RB/FLEX
95183-170290,TE,Dre,Dre Miller,Miller,,,4000,MIN@GB,GB,MIN,,,,,,TE/FLEX
95183-92465,WR,Sean,Sean Ryan,Ryan,,,4000,BAL@ARI,BAL,ARI,,,,,,WR/FLEX
95183-53562,RB,Nick,Nick Chubb,Chubb,10.550000190734863,2,4000,CLE@SEA,CLE,SEA,IR,Knee - acl + mcl,,,,RB/FLEX
95183-102721,WR,Dontario,Dontario Drummond,Drummond,,,4000,LAR@DAL,DAL,LAR,,,,,,WR/FLEX
95183-86341,RB,Xazavian,Xazavian Valladay,Valladay,,,4000,NYJ@NYG,NYJ,NYG,,,,,,RB/FLEX
95183-90456,WR,Ty,Ty Scott,Scott,,,4000,KC@DEN,KC,DEN,,,,,,WR/FLEX
95183-90458,RB,Troy,Troy Hairston,Hairston,0.6285714421953473,7,4000,HOU@CAR,HOU,CAR,IR,Back,,,,RB/FLEX
95183-88421,WR,Daewood,Daewood Davis,Davis,,,4000,NE@MIA,MIA,NE,Q,Concussion,,,,WR/FLEX
95183-153957,TE,Zaire,Zaire Mitchell-Paden,Mitchell-Paden,,,4000,CLE@SEA,CLE,SEA,,,,,,TE/FLEX
95183-102762,RB,Kevin,Kevin Harris,Harris,2.2399999618530275,5,4000,NE@MIA,NE,MIA,,,,,,RB/FLEX
95183-63851,TE,Tyree,Tyree Jackson,Jackson,,,4000,NYJ@NYG,NYG,NYJ,,,,,,TE/FLEX
95183-88433,RB,Travis,Travis Dye,Dye,,,4000,NYJ@NYG,NYJ,NYG,,,,,,RB/FLEX
95183-90483,TE,Bernhard,Bernhard Raimann,Raimann,,,4000,NO@IND,IND,NO,,,,,,TE/FLEX
95183-90487,WR,Kalil,Kalil Pimpleton,Pimpleton,,,4000,NYJ@NYG,NYG,NYJ,,,,,,WR/FLEX
95183-45439,WR,Corey,Corey Davis,Davis,6.276922959547776,13,4000,NYJ@NYG,NYJ,NYG,IR,Personal,,,,WR/FLEX
95183-156039,WR,Shae,Shae Wyatt,Wyatt,,,4000,CIN@SF,SF,CIN,,,,,,WR/FLEX
95183-70023,WR,Cornell,Cornell Powell,Powell,,,4000,KC@DEN,KC,DEN,,,,,,WR/FLEX
95183-94600,WR,John,John Stephens Jr.,Stephens Jr.,,,4000,LAR@DAL,DAL,LAR,IR,Knee - acl,,,,WR/FLEX
95183-88463,WR,Johnny,Johnny Johnson III,Johnson III,,,4000,HOU@CAR,HOU,CAR,,,,,,WR/FLEX
95183-55694,WR,Mike,Mike Thomas,Thomas,1.7000000476837158,4,4000,BAL@ARI,BAL,ARI,Q,Shoulder - labrum,,,,WR/FLEX
95183-102802,WR,Makai,Makai Polk,Polk,,,4000,BAL@ARI,BAL,ARI,,,,,,WR/FLEX
95183-90518,WR,Slade,Slade Bolden,Bolden,,,4000,ATL@TEN,ATL,TEN,,,,,,WR/FLEX
95183-90522,TE,Cameron,Cameron Latu,Latu,,,4000,CIN@SF,SF,CIN,IR,Knee - meniscus,,,,TE/FLEX
95183-92573,TE,Travis,Travis Vokolek,Vokolek,,,4000,BAL@ARI,BAL,ARI,,,,,,TE/FLEX
95183-96673,WR,Garett,Garett Maag,Maag,,,4000,MIN@GB,MIN,GB,,,,,,WR/FLEX
95183-102831,TE,Davis,Davis Allen,Allen,,,4000,LAR@DAL,LAR,DAL,,,,,,TE/FLEX
95183-102836,WR,Joseph,Joseph Ngata,Ngata,,,4000,PHI@WAS,PHI,WAS,,,,,,WR/FLEX
95183-92606,WR,Bo,Bo Melton,Melton,,,4000,MIN@GB,GB,MIN,,,,,,WR/FLEX
95183-47551,TE,Mason,Mason Schreck,Schreck,0.800000011920929,2,4000,HOU@CAR,HOU,CAR,,,,,,TE/FLEX
95183-55748,WR,James,James Washington,Washington,0,1,4000,NO@IND,IND,NO,,,,,,WR/FLEX
95183-113096,WR,Xavier,Xavier Smith,Smith,,,4000,LAR@DAL,LAR,DAL,,,,,,WR/FLEX
95183-88525,WR,Kawaan,Kawaan Baker,Baker,,,4000,NO@IND,NO,IND,,,,,,WR/FLEX
95183-117201,WR,Isaiah,Isaiah Winstead,Winstead,,,4000,CIN@SF,SF,CIN,,,,,,WR/FLEX
95183-31184,RB,Jonathan,Jonathan Williams,Williams,2.8375000953674316,8,4000,PHI@WAS,WAS,PHI,Q,Undisclosed,,,,RB/FLEX
95183-109008,WR,Jalen,Jalen Cropper,Cropper,,,4000,LAR@DAL,DAL,LAR,,,,,,WR/FLEX
95183-63967,WR,Lucky,Lucky Jackson,Jackson,,,4000,MIN@GB,MIN,GB,,,,,,WR/FLEX
95183-88547,WR,Jalen,Jalen Wayne,Wayne,,,4000,CLE@SEA,CLE,SEA,,,,,,WR/FLEX
95183-129508,WR,Duece,Duece Watts,Watts,,,4000,JAC@PIT,PIT,JAC,,,,,,WR/FLEX
95183-70133,RB,Jake,Jake Funk,Funk,2.700000047683716,1,4000,NE@MIA,MIA,NE,,,,,,RB/FLEX
95183-92677,WR,Zavier,Zavier Scott,Scott,,,4000,NO@IND,IND,NO,,,,,,WR/FLEX
95183-90628,TE,Griffin,Griffin Hebert,Hebert,,,4000,CLE@SEA,SEA,CLE,,,,,,TE/FLEX
95183-154139,RB,Clint,Clint Ratkovich,Ratkovich,,,4000,ATL@TEN,ATL,TEN,,,,,,RB/FLEX
95183-57909,RB,Marlon,Marlon Mack,Mack,4.899999891008649,7,4000,BAL@ARI,ARI,BAL,IR,Achilles,,,,RB/FLEX
95183-70206,RB,Jason,Jason Huntley,Huntley,,,4000,NO@IND,IND,NO,,,,,,RB/FLEX
95183-86601,RB,SaRodorick,SaRodorick Thompson Jr.,Thompson Jr.,,,4000,CLE@SEA,SEA,CLE,,,,,,RB/FLEX
95183-86612,TE,Brayden,Brayden Willis,Willis,,,4000,CIN@SF,SF,CIN,,,,,,TE/FLEX
95183-55895,TE,Kendall,Kendall Blanton,Blanton,2.25,2,4000,KC@DEN,KC,DEN,,,,,,TE/FLEX
95183-62042,WR,Deon,Deon Cain,Cain,,,4000,PHI@WAS,PHI,WAS,,,,,,WR/FLEX
95183-64097,TE,La'Michael,La'Michael Pettway,Pettway,,,4000,NO@IND,IND,NO,Q,Undisclosed,,,,TE/FLEX
95183-186983,WR,Jadakis,Jadakis Bonds,Bonds,,,4000,MIN@GB,GB,MIN,,,,,,WR/FLEX
95183-86635,WR,Charleston,Charleston Rambo,Rambo,,,4000,PHI@WAS,PHI,WAS,Q,Undisclosed,,,,WR/FLEX
95183-66155,TE,Michael,Michael Jacobson,Jacobson,,,4000,NO@IND,NO,IND,,,,,,TE/FLEX
95183-186991,WR,Jerome,Jerome Kapp,Kapp,,,4000,NYJ@NYG,NYJ,NYG,,,,,,WR/FLEX
95183-139884,TE,Jordan,Jordan Murray,Murray,,,4000,NO@IND,IND,NO,,,,,,TE/FLEX
95183-86657,RB,Kennedy,Kennedy Brooks,Brooks,,,4000,PHI@WAS,PHI,WAS,,,,,,RB/FLEX
95183-94864,RB,Jashaun,Jashaun Corbin,Corbin,,,4000,NYJ@NYG,NYG,NYJ,,,,,,RB/FLEX
95183-86678,TE,Ryan,Ryan Jones,Jones,,,4000,NYJ@NYG,NYG,NYJ,,,,,,TE/FLEX
95183-86692,TE,Thomas,Thomas Odukoya,Odukoya,,,4000,ATL@TEN,TEN,ATL,,,,,,TE/FLEX
95183-103086,WR,Jadon,Jadon Haselwood,Haselwood,,,4000,PHI@WAS,PHI,WAS,,,,,,WR/FLEX
95183-64175,WR,Hakeem,Hakeem Butler,Butler,,,4000,JAC@PIT,PIT,JAC,Q,Undisclosed,,,,WR/FLEX
95183-88776,WR,Ty,Ty Fryfogle,Fryfogle,,,4000,KC@DEN,KC,DEN,,,,,,WR/FLEX
95183-88793,RB,Stevie,Stevie Scott,Scott,,,4000,BAL@ARI,ARI,BAL,,,,,,RB/FLEX
95183-90844,TE,Christian,Christian Trahan,Trahan,,,4000,CIN@SF,CIN,SF,,,,,,TE/FLEX
95183-64221,TE,Zach,Zach Gentry,Gentry,1.6214286259242467,14,4000,CIN@SF,CIN,SF,,,,,,TE/FLEX
95183-90861,RB,Derek,Derek Parish,Parish,,,4000,JAC@PIT,JAC,PIT,,,,,,RB/FLEX
95183-64242,WR,Keke,Keke Coutee,Coutee,0.07142857142857142,7,4000,NE@MIA,MIA,NE,,,,,,WR/FLEX
95183-54010,RB,Brian,Brian Hill,Hill,,,4000,CIN@SF,SF,CIN,,,,,,RB/FLEX
95183-152320,RB,Tiyon,Tiyon Evans,Evans,,,4000,HOU@CAR,CAR,HOU,,,,,,RB/FLEX
95183-72453,WR,Denzel,Denzel Mims,Mims,2.677777820163303,9,4000,JAC@PIT,PIT,JAC,,,,,,WR/FLEX
95183-174853,WR,Kody,Kody Case,Case,,,4000,NO@IND,IND,NO,,,,,,WR/FLEX
95183-86826,WR,Malachi,Malachi Carter,Carter,,,4000,CIN@SF,CIN,SF,,,,,,WR/FLEX
95183-72493,WR,Trishton,Trishton Jackson,Jackson,1.2000000476837158,1,4000,MIN@GB,MIN,GB,,,,,,WR/FLEX
95183-86839,TE,Jack,Jack Coco,Coco,,,4000,BAL@ARI,ARI,BAL,,,,,,TE/FLEX
95183-174907,WR,Sy,Sy Barnett,Barnett,,,4000,NO@IND,NO,IND,,,,,,WR/FLEX
95183-92984,WR,Justin,Justin Marshall,Marshall,,,4000,CLE@SEA,SEA,CLE,,,,,,WR/FLEX
95183-158520,WR,Daylen,Daylen Baldwin,Baldwin,3.5,1,4000,CLE@SEA,CLE,SEA,Q,Hamstring,,,,WR/FLEX
95183-92990,RB,Hassan,Hassan Hall,Hall,,,4000,CLE@SEA,CLE,SEA,,,,,,RB/FLEX
95183-90955,WR,Tyjon,Tyjon Lindsey,Lindsey,,,4000,CLE@SEA,SEA,CLE,,,,,,WR/FLEX
95183-93002,RB,Calvin,Calvin Tyler Jr.,Tyler Jr.,,,4000,CIN@SF,CIN,SF,,,,,,RB/FLEX
95183-58189,TE,Mitchell,Mitchell Fraboni,Fraboni,,,4000,KC@DEN,DEN,KC,,,,,,TE/FLEX
95183-56142,WR,Juwann,Juwann Winfree,Winfree,0.7333333492279053,3,4000,NO@IND,IND,NO,,,,,,WR/FLEX
95183-88915,RB,Bryant,Bryant Koback,Koback,,,4000,CLE@SEA,SEA,CLE,,,,,,RB/FLEX
95183-64339,WR,Auden,Auden Tate,Tate,,,4000,BAL@ARI,ARI,BAL,,,,,,WR/FLEX
95183-93016,RB,B.J.,B.J. Baylor,Baylor,,,4000,ATL@TEN,ATL,TEN,,,,,,RB/FLEX
95183-93019,RB,Jack,Jack Colletto,Colletto,,,4000,JAC@PIT,PIT,JAC,,,,,,RB/FLEX
95183-90971,TE,Austin,Austin Allen,Allen,,,4000,MIN@GB,GB,MIN,,,,,,TE/FLEX
95183-64350,WR,Jeff,Jeff Smith,Smith,2.4857142312186107,7,4000,BAL@ARI,ARI,BAL,,,,,,WR/FLEX
95183-66402,TE,Jack,Jack Driscoll,Driscoll,,,4000,PHI@WAS,PHI,WAS,,,,,,TE/FLEX
95183-86913,TE,Kris,Kris Leach,Leach,,,4000,KC@DEN,DEN,KC,,,,,,TE/FLEX
95183-91012,RB,Greg,Greg Bell,Bell,,,4000,JAC@PIT,PIT,JAC,,,,,,RB/FLEX
95183-41867,RB,Jordan,Jordan Wilkins,Wilkins,2.924999952316284,4,4000,CLE@SEA,CLE,SEA,,,,,,RB/FLEX
95183-23435,TE,Andrew,Andrew DePaola,DePaola,,,4000,MIN@GB,MIN,GB,,,,,,TE/FLEX
95183-45964,WR,Marcus,Marcus Kemp,Kemp,1.7999999523162842,1,4000,PHI@WAS,WAS,PHI,,,,,,WR/FLEX
95183-56212,TE,Tommy,Tommy Sweeney,Sweeney,1.2000000476837158,1,4000,NYJ@NYG,NYG,NYJ,IR,Undisclosed,,,,TE/FLEX
95183-64405,WR,Dan,Dan Chisena,Chisena,,,4000,MIN@GB,MIN,GB,,,,,,WR/FLEX
95183-64408,TE,Nick,Nick Bowers,Bowers,,,4000,NE@MIA,MIA,NE,,,,,,TE/FLEX
95183-88995,WR,Reggie,Reggie Roberson Jr.,Roberson Jr.,,,4000,ATL@TEN,TEN,ATL,,,,,,WR/FLEX
95183-91055,WR,Kevin,Kevin Austin Jr.,Austin Jr.,,,4000,JAC@PIT,JAC,PIT,,,,,,WR/FLEX
95183-187324,WR,Ed,Ed Lee,Lee,,,4000,NE@MIA,NE,MIA,,,,,,WR/FLEX
95183-89029,TE,Chris,Chris Pierce Jr.,Pierce Jr.,,,4000,BAL@ARI,ARI,BAL,,,,,,TE/FLEX
95183-41936,WR,Anthony,Anthony Miller,Miller,,,4000,NO@IND,IND,NO,,,,,,WR/FLEX
95183-72665,TE,Kenny,Kenny Yeboah,Yeboah,,,4000,NYJ@NYG,NYJ,NYG,IR,Hamstring,,,,TE/FLEX
95183-54239,TE,Matt,Matt Sokol,Sokol,,,4000,NE@MIA,NE,MIA,,,,,,TE/FLEX
95183-41954,WR,Victor,Victor Bolden,Bolden,,,4000,HOU@CAR,HOU,CAR,,,,,,WR/FLEX
95183-193538,RB,Aaron,Aaron Dykes,Dykes,,,4000,MIN@GB,MIN,GB,,,,,,RB/FLEX
95183-70680,WR,Jalen,Jalen Camp,Camp,1.2000000476837158,1,4000,JAC@PIT,PIT,JAC,,,,,,WR/FLEX
95183-154661,WR,Michael,Michael Bandy,Bandy,1.5444444020589192,9,4000,KC@DEN,DEN,KC,,,,,,WR/FLEX
95183-138277,WR,Jalen,Jalen Brooks,Brooks,,,4000,LAR@DAL,DAL,LAR,,,,,,WR/FLEX
95183-64575,RB,Derrick,Derrick Gore,Gore,,,4000,PHI@WAS,WAS,PHI,,,,,,RB/FLEX
95183-87112,WR,Josh,Josh Ali,Ali,0,1,4000,ATL@TEN,ATL,TEN,IR,Ankle,,,,WR/FLEX
95183-27721,WR,Justin,Justin Hardee Sr.,Hardee Sr.,0,1,4000,NYJ@NYG,NYJ,NYG,IR,Hamstring,,,,WR/FLEX
95183-89167,WR,Gavin,Gavin Holmes,Holmes,,,4000,ATL@TEN,TEN,ATL,,,,,,WR/FLEX
95183-68686,WR,C.J.,C.J. Saunders,Saunders,,,4000,ATL@TEN,ATL,TEN,,,,,,WR/FLEX
95183-87122,WR,Lynn,Lynn Bowden Jr.,Bowden Jr.,0,1,4000,NO@IND,NO,IND,,,,,,WR/FLEX
95183-89172,RB,John,John Lovett,Lovett,,,4000,JAC@PIT,PIT,JAC,,,,,,RB/FLEX
95183-42077,TE,James,James Winchester,Winchester,,,4000,KC@DEN,KC,DEN,,,,,,TE/FLEX
95183-68708,TE,Seth,Seth Green,Green,,,4000,LAR@DAL,DAL,LAR,,,,,,TE/FLEX
95183-68712,WR,Tyler,Tyler Johnson,Johnson,,,4000,LAR@DAL,LAR,DAL,,,,,,WR/FLEX
95183-64627,WR,Scotty,Scotty Washington,Washington,,,4000,JAC@PIT,PIT,JAC,,,,,,WR/FLEX
95183-46200,TE,Daniel,Daniel Brunskill,Brunskill,,,4000,ATL@TEN,TEN,ATL,,,,,,TE/FLEX
95183-64634,WR,Alex,Alex Bachman,Bachman,,,4000,HOU@CAR,HOU,CAR,Q,Oblique,,,,WR/FLEX
95183-89214,RB,Abram,Abram Smith,Smith,,,4000,MIN@GB,MIN,GB,,,,,,RB/FLEX
95183-89243,WR,Tre'Shaun,Tre'Shaun Harrison,Harrison,,,4000,ATL@TEN,TEN,ATL,,,,,,WR/FLEX
95183-72863,TE,Armani,Armani Rogers,Rogers,2.3,5,4000,PHI@WAS,WAS,PHI,IR,Achilles,,,,TE/FLEX
95183-89249,RB,Khalan,Khalan Laborn,Laborn,,,4000,CIN@SF,SF,CIN,,,,,,RB/FLEX
95183-89265,TE,Camren,Camren McDonald,McDonald,,,4000,LAR@DAL,LAR,DAL,,,,,,TE/FLEX
95183-105648,RB,Tyler,Tyler Goodson,Goodson,,,4000,NO@IND,IND,NO,,,,,,RB/FLEX
95183-54472,WR,Cam,Cam Sims,Sims,1.0749999682108562,12,4000,NYJ@NYG,NYG,NYJ,,,,,,WR/FLEX
95183-167117,WR,Tyler,Tyler Hudson,Hudson,,,4000,LAR@DAL,LAR,DAL,,,,,,WR/FLEX
95183-70868,RB,Damarea,Damarea Crockett,Crockett,,,4000,NYJ@NYG,NYJ,NYG,,,,,,RB/FLEX
95183-95455,WR,D.J.,D.J. Montgomery,Montgomery,,,4000,NO@IND,IND,NO,,,,,,WR/FLEX
95183-91358,WR,Oliver,Oliver Martin,Martin,,,4000,JAC@PIT,JAC,PIT,,,,,,WR/FLEX
95183-70881,TE,Justin,Justin Rigg,Rigg,,,4000,ATL@TEN,TEN,ATL,,,,,,TE/FLEX
95183-68835,RB,CJ,CJ Marable,Marable,,,4000,NE@MIA,NE,MIA,,,,,,RB/FLEX
95183-130276,WR,Mason,Mason Kinsey,Kinsey,0,2,4000,ATL@TEN,TEN,ATL,,,,,,WR/FLEX
95183-91373,TE,Joel,Joel Honigford,Honigford,,,4000,BAL@ARI,ARI,BAL,,,,,,TE/FLEX
95183-185599,WR,Colton,Colton Dowell,Dowell,0,1,4000,ATL@TEN,TEN,ATL,,,,,,WR/FLEX
95183-115971,WR,Shaq,Shaq Davis,Davis,,,4000,NO@IND,NO,IND,O,Undisclosed,,,,WR/FLEX
95183-130309,WR,J.J.,J.J. Koski,Koski,,,4000,KC@DEN,DEN,KC,,,,,,WR/FLEX
95183-130317,WR,Juwan,Juwan Green,Green,,,4000,KC@DEN,KC,DEN,,,,,,WR/FLEX
95183-191760,RB,Toriano,Toriano Clinton,Clinton,,,4000,NO@IND,IND,NO,,,,,,RB/FLEX
95183-185627,WR,Jalen,Jalen Sample,Sample,,,4000,PHI@WAS,WAS,PHI,,,,,,WR/FLEX
95183-83226,TE,Kevin,Kevin Rader,Rader,,,4000,ATL@TEN,TEN,ATL,,,,,,TE/FLEX
95183-29985,WR,Jaydon,Jaydon Mickens,Mickens,,,4000,NYJ@NYG,NYG,NYJ,,,,,,WR/FLEX
95183-68901,RB,Gerrid,Gerrid Doaks,Doaks,,,4000,HOU@CAR,HOU,CAR,,,,,,RB/FLEX
95183-185639,WR,Keilahn,Keilahn Harris,Harris,,,4000,ATL@TEN,ATL,TEN,O,Undisclosed,,,,WR/FLEX
95183-91428,WR,Tarik,Tarik Black,Black,,,4000,BAL@ARI,BAL,ARI,,,,,,WR/FLEX
95183-130343,WR,Jeff,Jeff Cotton Jr.,Cotton Jr.,,,4000,MIN@GB,GB,MIN,Q,Undisclosed,,,,WR/FLEX
95183-91431,RB,Ben,Ben Mason,Mason,,,4000,BAL@ARI,BAL,ARI,,,,,,RB/FLEX
95183-185646,WR,Zay,Zay Malone,Malone,,,4000,ATL@TEN,ATL,TEN,,,,,,WR/FLEX
95183-130350,WR,Jaylon,Jaylon Moore,Moore,,,4000,JAC@PIT,JAC,PIT,,,,,,WR/FLEX
95183-64833,TE,Alize,Alize Mack,Mack,,,4000,ATL@TEN,TEN,ATL,Q,Undisclosed,,,,TE/FLEX
95183-56648,RB,Jeremy,Jeremy McNichols,McNichols,,,4000,CIN@SF,SF,CIN,,,,,,RB/FLEX
95183-91467,TE,Jake,Jake Tonges,Tonges,0,1,4000,CIN@SF,SF,CIN,,,,,,TE/FLEX
95183-73046,WR,Tre,Tre Nixon,Nixon,,,4000,NE@MIA,NE,MIA,IR,Shoulder,,,,WR/FLEX
95183-91481,WR,Nikko,Nikko Remigio,Remigio,,,4000,KC@DEN,KC,DEN,IR,Wrist,,,,WR/FLEX
95183-25957,TE,J.P.,J.P. Holtz,Holtz,,,4000,NO@IND,NO,IND,,,,,,TE/FLEX
95183-68975,TE,Josh,Josh Pederson,Pederson,,,4000,JAC@PIT,JAC,PIT,,,,,,TE/FLEX
95183-91504,WR,Blake,Blake Proehl,Proehl,,,4000,MIN@GB,MIN,GB,,,,,,WR/FLEX
95183-60791,TE,Tommy,Tommy Hudson,Hudson,,,4000,NO@IND,NO,IND,,,,,,TE/FLEX
95183-38264,WR,Demarcus,Demarcus Robinson,Robinson,5.3941174675436585,17,4000,LAR@DAL,LAR,DAL,,,,,,WR/FLEX
95183-73089,TE,Devin,Devin Asiasi,Asiasi,0.375,4,4000,CLE@SEA,CLE,SEA,,,,,,TE/FLEX
95183-73088,WR,Kekoa,Kekoa Crawford,Crawford,,,4000,KC@DEN,KC,DEN,Q,Undisclosed,,,,WR/FLEX
95183-93577,WR,Dazz,Dazz Newsome,Newsome,,,4000,CIN@SF,SF,CIN,,,,,,WR/FLEX
95183-64907,WR,J.J.,J.J. Arcega-Whiteside,Arcega-Whiteside,,,4000,ATL@TEN,ATL,TEN,,,,,,WR/FLEX
95183-185742,WR,Braxton,Braxton Westfield,Westfield,,,4000,NO@IND,IND,NO,,,,,,WR/FLEX
95183-185743,RB,Darius,Darius Hagans,Hagans,,,4000,JAC@PIT,PIT,JAC,,,,,,RB/FLEX
95183-185747,WR,Cody,Cody Chrest,Chrest,,,4000,MIN@GB,GB,MIN,,,,,,WR/FLEX
95183-185744,WR,Johnny,Johnny King,King,,,4000,PHI@WAS,PHI,WAS,,,,,,WR/FLEX
95183-87442,TE,Princeton,Princeton Fant,Fant,,,4000,LAR@DAL,DAL,LAR,,,,,,TE/FLEX
95183-93592,WR,Sam,Sam James,James,,,4000,LAR@DAL,LAR,DAL,,,,,,WR/FLEX
95183-185753,WR,T.J.,T.J. Luther,Luther,,,4000,NE@MIA,NE,MIA,,,,,,WR/FLEX
95183-93600,WR,Bryce,Bryce Ford-Wheaton,Ford-Wheaton,,,4000,NYJ@NYG,NYG,NYJ,IR,Knee,,,,WR/FLEX
95183-60838,WR,Andre,Andre Baccellia,Baccellia,1.6,5,4000,BAL@ARI,ARI,BAL,,,,,,WR/FLEX
95183-185775,TE,Brian,Brian Walker,Walker,,,4000,BAL@ARI,BAL,ARI,,,,,,TE/FLEX
95183-40365,WR,Devon,Devon Allen,Allen,0,1,4000,PHI@WAS,PHI,WAS,,,,,,WR/FLEX
95183-185782,WR,Thyrick,Thyrick Pitts,Pitts,,,4000,NE@MIA,NE,MIA,,,,,,WR/FLEX
95183-64949,WR,Ja'Marcus,Ja'Marcus Bradley,Bradley,,,4000,JAC@PIT,PIT,JAC,Q,Undisclosed,,,,WR/FLEX
95183-73147,TE,Nick,Nick Eubanks,Eubanks,,,4000,NO@IND,IND,NO,,,,,,TE/FLEX
95183-69056,WR,Mathew,Mathew Sexton,Sexton,,,4000,ATL@TEN,ATL,TEN,,,,,,WR/FLEX
95183-185792,WR,Tyler,Tyler Adams,Adams,,,4000,NO@IND,IND,NO,,,,,,WR/FLEX
95183-26057,RB,Michael,Michael Burton,Burton,0.6199999809265136,5,4000,KC@DEN,DEN,KC,,,,,,RB/FLEX
95183-136663,RB,DeWayne,DeWayne McBride,McBride,,,4000,MIN@GB,MIN,GB,,,,,,RB/FLEX
95183-112088,RB,Jerrion,Jerrion Ealy,Ealy,,,4000,KC@DEN,KC,DEN,,,,,,RB/FLEX
95183-54746,TE,Tyler,Tyler Ott,Ott,,,4000,BAL@ARI,BAL,ARI,,,,,,TE/FLEX
95183-185822,TE,Thomas,Thomas Greaney,Greaney,,,4000,CLE@SEA,CLE,SEA,,,,,,TE/FLEX
95183-103901,WR,Davion,Davion Davis,Davis,,,4000,BAL@ARI,ARI,BAL,,,,,,WR/FLEX
95183-103900,TE,Brandon,Brandon Dillon,Dillon,,,4000,PHI@WAS,WAS,PHI,IR,Undisclosed,,,,TE/FLEX
95183-91612,WR,Matt,Matt Landers,Landers,,,4000,HOU@CAR,CAR,HOU,,,,,,WR/FLEX
95183-185827,RB,Jacob,Jacob Saylors,Saylors,,,4000,ATL@TEN,ATL,TEN,,,,,,RB/FLEX
95183-91618,TE,John,John FitzPatrick,FitzPatrick,,,4000,ATL@TEN,ATL,TEN,,,,,,TE/FLEX
95183-112101,WR,Jared,Jared Wayne,Wayne,,,4000,HOU@CAR,HOU,CAR,,,,,,WR/FLEX
95183-91635,WR,Kearis,Kearis Jackson,Jackson,0,2,4000,ATL@TEN,TEN,ATL,IR,Ankle,,,,WR/FLEX
95183-40434,WR,Greg,Greg Ward,Ward,,,4000,PHI@WAS,PHI,WAS,,,,,,WR/FLEX
95183-89586,TE,Tucker,Tucker Fisk,Fisk,,,4000,ATL@TEN,ATL,TEN,,,,,,TE/FLEX
95183-103930,WR,Derek,Derek Wright,Wright,,,4000,HOU@CAR,CAR,HOU,,,,,,WR/FLEX
95183-185854,WR,Dallas,Dallas Daniels,Daniels,,,4000,KC@DEN,DEN,KC,,,,,,WR/FLEX
95183-185856,WR,Taylor,Taylor Grimes,Grimes,,,4000,KC@DEN,DEN,KC,,,,,,WR/FLEX
95183-128515,RB,Ellis,Ellis Merriweather,Merriweather,,,4000,NO@IND,NO,IND,,,,,,RB/FLEX
95183-185862,WR,David,David Durden,Durden,,,4000,LAR@DAL,DAL,LAR,IR,Knee - acl,,,,WR/FLEX
95183-185875,TE,Noah,Noah Gindorff,Gindorff,,,4000,JAC@PIT,PIT,JAC,,,,,,TE/FLEX
95183-62994,WR,Steven,Steven Sims Jr.,Sims Jr.,2.0333333015441895,12,4000,HOU@CAR,HOU,CAR,,,,,,WR/FLEX
95183-89627,WR,Brycen,Brycen Tremayne,Tremayne,,,4000,PHI@WAS,WAS,PHI,,,,,,WR/FLEX
95183-91677,WR,Shi,Shi Smith,Smith,3.1624999046325684,16,4000,ATL@TEN,TEN,ATL,,,,,,WR/FLEX
95183-185884,WR,John,John Hall,Hall,,,4000,CLE@SEA,SEA,CLE,,,,,,WR/FLEX
95183-91679,WR,Josh,Josh Vann,Vann,,,4000,HOU@CAR,CAR,HOU,,,,,,WR/FLEX
95183-54817,WR,Diontae,Diontae Spencer,Spencer,,,4000,NYJ@NYG,NYJ,NYG,Q,Undisclosed,,,,WR/FLEX
95183-185893,RB,Alfonzo,Alfonzo Graham,Graham,,,4000,JAC@PIT,PIT,JAC,IR,Undisclosed,,,,RB/FLEX
95183-185907,RB,Zach,Zach Ojile,Ojile,,,4000,MIN@GB,MIN,GB,,,,,,RB/FLEX
95183-60981,TE,Charlie,Charlie Heck,Heck,,,4000,HOU@CAR,HOU,CAR,NA,Foot,,,,TE/FLEX
95183-60984,TE,Jake,Jake Bargas,Bargas,,,4000,NO@IND,NO,IND,,,,,,TE/FLEX
95183-89656,WR,Aron,Aron Cruickshank,Cruickshank,,,4000,JAC@PIT,PIT,JAC,,,,,,WR/FLEX
95183-71228,WR,Marquez,Marquez Stevenson,Stevenson,,,4000,HOU@CAR,CAR,HOU,,,,,,WR/FLEX
95183-30272,TE,Colin,Colin Thompson,Thompson,,,4000,MIN@GB,MIN,GB,,,,,,TE/FLEX
95183-87621,WR,A.T.,A.T. Perry,Perry,,,4000,NO@IND,NO,IND,,,,,,WR/FLEX
95183-104012,WR,Ashton,Ashton Dulin,Dulin,5,7,4000,NO@IND,IND,NO,IR,Knee - acl,,,,WR/FLEX
95183-54863,WR,C.J.,C.J. Goodwin,Goodwin,,,4000,LAR@DAL,DAL,LAR,IR,Pectoral,,,,WR/FLEX
95183-104019,TE,Matt,Matt Orzech,Orzech,,,4000,MIN@GB,GB,MIN,,,,,,TE/FLEX
95183-87634,TE,Blake,Blake Whiteheart,Whiteheart,,,4000,BAL@ARI,ARI,BAL,,,,,,TE/FLEX
95183-63061,WR,Gary,Gary Jennings,Jennings,,,4000,HOU@CAR,CAR,HOU,,,,,,WR/FLEX
95183-104025,RB,John,John Lovett,Lovett,,,4000,NE@MIA,MIA,NE,Q,Undisclosed,,,,RB/FLEX
95183-87657,WR,Seth,Seth Williams,Williams,,,4000,JAC@PIT,JAC,PIT,,,,,,WR/FLEX
95183-95854,WR,Montrell,Montrell Washington,Washington,0,4,4000,KC@DEN,KC,DEN,,,,,,WR/FLEX
95183-87662,WR,Anthony,Anthony Schwartz,Schwartz,2.7999998728434243,6,4000,CLE@SEA,CLE,SEA,Q,Hamstring,,,,WR/FLEX
95183-61042,WR,Kendall,Kendall Hinton,Hinton,4.0363637750799,11,4000,KC@DEN,DEN,KC,,,,,,WR/FLEX
95183-87668,WR,Shedrick,Shedrick Jackson,Jackson,,,4000,CIN@SF,CIN,SF,,,,,,WR/FLEX
95183-93824,WR,Easop,Easop Winston Jr.,Winston Jr.,,,4000,CLE@SEA,SEA,CLE,,,,,,WR/FLEX
95183-87690,TE,Sal,Sal Cannella,Cannella,,,4000,CLE@SEA,SEA,CLE,,,,,,TE/FLEX
95183-93845,WR,Tay,Tay Martin,Martin,,,4000,CIN@SF,SF,CIN,,,,,,WR/FLEX
95183-110230,RB,Kenny,Kenny McIntosh,McIntosh,,,4000,CLE@SEA,SEA,CLE,IR,Knee,,,,RB/FLEX
95183-93853,WR,Thayer,Thayer Thomas,Thomas,,,4000,MIN@GB,MIN,GB,,,,,,WR/FLEX
95183-104102,TE,Leroy,Leroy Watson IV,Watson IV,,,4000,CIN@SF,SF,CIN,,,,,,TE/FLEX
95183-91823,RB,Ronald,Ronald Awatt,Awatt,,,4000,CIN@SF,SF,CIN,,,,,,RB/FLEX
95183-7856,WR,Matthew,Matthew Slater,Slater,,,4000,NE@MIA,NE,MIA,,,,,,WR/FLEX
95183-85687,WR,Jontre,Jontre Kirklin,Kirklin,,,4000,NO@IND,NO,IND,,,,,,WR/FLEX
95183-69303,WR,Freddie,Freddie Swain,Swain,3.133333206176758,3,4000,NE@MIA,MIA,NE,,,,,,WR/FLEX
95183-69302,TE,Feleipe,Feleipe Franks,Franks,0,2,4000,ATL@TEN,ATL,TEN,IR,Undisclosed,,,,TE/FLEX
95183-71359,WR,Javon,Javon Wims,Wims,,,4000,HOU@CAR,CAR,HOU,,,,,,WR/FLEX
95183-69310,WR,Josh,Josh Hammond,Hammond,,,4000,KC@DEN,DEN,KC,,,,,,WR/FLEX
95183-71367,RB,La'Mical,La'Mical Perine,Perine,,,4000,KC@DEN,KC,DEN,,,,,,RB/FLEX
95183-71372,WR,Tyrie,Tyrie Cleveland,Cleveland,1.2666666507720947,3,4000,NO@IND,IND,NO,,,,,,WR/FLEX
95183-63189,TE,Hunter,Hunter Thedford,Thedford,,,4000,CLE@SEA,CLE,SEA,,,,,,TE/FLEX
95183-89814,TE,Gerrit,Gerrit Prince,Prince,,,4000,KC@DEN,KC,DEN,,,,,,TE/FLEX
95183-89817,WR,Austin,Austin Watkins Jr.,Watkins Jr.,,,4000,CLE@SEA,CLE,SEA,,,,,,WR/FLEX
95183-85720,WR,Jaray,Jaray Jenkins,Jenkins,,,4000,JAC@PIT,JAC,PIT,Q,Undisclosed,,,,WR/FLEX
95183-71386,TE,Jordan,Jordan Thomas,Thomas,,,4000,HOU@CAR,CAR,HOU,,,,,,TE/FLEX
95183-147168,WR,Chris,Chris Blair,Blair,,,4000,ATL@TEN,ATL,TEN,,,,,,WR/FLEX
95183-85731,WR,Racey,Racey McMath,McMath,1.350000023841858,4,4000,NO@IND,IND,NO,,,,,,WR/FLEX
95183-104165,RB,Lew,Lew Nichols III,Nichols III,,,4000,PHI@WAS,PHI,WAS,,,,,,RB/FLEX
95183-87787,RB,J.K.,J.K. Dobbins,Dobbins,10.699999809265137,1,4000,BAL@ARI,BAL,ARI,IR,Achilles,,,,RB/FLEX
95183-91897,WR,Ethan,Ethan Fernea,Fernea,,,4000,NO@IND,IND,NO,Q,Undisclosed,,,,WR/FLEX
95183-85759,TE,Curtis,Curtis Hodges,Hodges,,,4000,PHI@WAS,WAS,PHI,,,,,,TE/FLEX
95183-85762,RB,Eno,Eno Benjamin,Benjamin,5.93076911339393,13,4000,NO@IND,NO,IND,IR,Achilles,,,,RB/FLEX
95183-57091,WR,Tim,Tim Patrick,Patrick,,,4000,KC@DEN,DEN,KC,IR,Achilles,,,,WR/FLEX
95183-91912,WR,Chase,Chase Cota,Cota,,,4000,KC@DEN,KC,DEN,,,,,,WR/FLEX
95183-91923,WR,Kazmeir,Kazmeir Allen,Allen,,,4000,PHI@WAS,WAS,PHI,,,,,,WR/FLEX
95183-114465,TE,Christian,Christian Sims,Sims,,,4000,LAR@DAL,LAR,DAL,,,,,,TE/FLEX
95183-87844,TE,Brady,Brady Russell,Russell,,,4000,CLE@SEA,SEA,CLE,,,,,,TE/FLEX
95183-40746,TE,Troy,Troy Fumagalli,Fumagalli,,,4000,MIN@GB,MIN,GB,,,,,,TE/FLEX
95183-55088,WR,Malik,Malik Turner,Turner,,,4000,NO@IND,IND,NO,,,,,,WR/FLEX
95183-91960,WR,Chris,Chris Coleman,Coleman,,,4000,NE@MIA,MIA,NE,,,,,,WR/FLEX
95183-87882,WR,Daniel,Daniel Arias,Arias,,,4000,KC@DEN,KC,DEN,,,,,,WR/FLEX
95183-73551,WR,Stantley,Stantley Thomas-Oliver III,Thomas-Oliver III,,,4000,HOU@CAR,CAR,HOU,Q,Hamstring,,,,WR/FLEX
95183-91989,RB,Jordan,Jordan Mims,Mims,,,4000,NO@IND,NO,IND,,,,,,RB/FLEX
95183-63321,TE,Rashod,Rashod Berry,Berry,,,4000,NO@IND,IND,NO,IR,Suspension,,,,TE/FLEX
95183-104289,WR,Malik,Malik Taylor,Taylor,,,4000,NYJ@NYG,NYJ,NYG,,,,,,WR/FLEX
95183-169834,WR,Dareke,Dareke Young,Young,2.5,2,4000,CLE@SEA,SEA,CLE,IR,Groin,,,,WR/FLEX
95183-89970,WR,Amari,Amari Rodgers,Rodgers,0,1,4000,NO@IND,IND,NO,,,,,,WR/FLEX
95183-63360,WR,Antonio,Antonio Callaway,Callaway,,,4000,LAR@DAL,DAL,LAR,,,,,,WR/FLEX
95183-89997,WR,Michael,Michael Woods II,Woods II,1.0833333333333333,6,4000,CLE@SEA,CLE,SEA,IR,Achilles,,,,WR/FLEX
95183-69516,TE,Miller,Miller Forristall,Forristall,0,1,4000,LAR@DAL,LAR,DAL,,,,,,TE/FLEX
95183-128912,WR,Mitchell,Mitchell Tinsley,Tinsley,,,4000,PHI@WAS,WAS,PHI,,,,,,WR/FLEX
95183-141201,WR,Raleigh,Raleigh Webb,Webb,,,4000,NE@MIA,MIA,NE,,,,,,WR/FLEX
95183-87961,RB,Wayne,Wayne Taulapapa,Taulapapa,,,4000,CLE@SEA,SEA,CLE,,,,,,RB/FLEX
95183-92056,TE,Cal,Cal Adomitis,Adomitis,,,4000,CIN@SF,CIN,SF,,,,,,TE/FLEX
95183-94118,WR,Mike,Mike Harley Jr.,Harley Jr.,,,4000,CLE@SEA,CLE,SEA,,,,,,WR/FLEX
95183-34729,RB,Dwayne,Dwayne Washington,Washington,1,5,4000,KC@DEN,DEN,KC,,,,,,RB/FLEX
95183-85944,WR,Kyric,Kyric McGowan,McGowan,,,4000,PHI@WAS,WAS,PHI,,,,,,WR/FLEX
95183-92093,WR,Jaelon,Jaelon Darden,Darden,0,1,4000,CLE@SEA,CLE,SEA,,,,,,WR/FLEX
95183-32703,WR,Jakeem,Jakeem Grant Sr.,Grant Sr.,,,4000,CLE@SEA,CLE,SEA,IR,Kneecap,,,,WR/FLEX
95183-169937,WR,Lance,Lance McCutcheon,McCutcheon,0,2,4000,NYJ@NYG,NYJ,NYG,,,,,,WR/FLEX
95183-30678,WR,Damiere,Damiere Byrd,Byrd,3.7749999364217124,12,4000,ATL@TEN,ATL,TEN,,,,,,WR/FLEX
95183-63447,WR,Penny,Penny Hart,Hart,1.1666666666666667,3,4000,ATL@TEN,ATL,TEN,Q,Concussion,,,,WR/FLEX
95183-85994,TE,Dalton,Dalton Keene,Keene,,,4000,HOU@CAR,HOU,CAR,,,,,,TE/FLEX
95183-71661,WR,Tino,Tino Ellis,Ellis,,,4000,NE@MIA,MIA,NE,Q,Undisclosed,,,,WR/FLEX
95183-14319,RB,Taiwan,Taiwan Jones,Jones,-1,2,4000,NYJ@NYG,NYG,NYJ,,,,,,RB/FLEX
95183-96254,TE,Nick,Nick Muse,Muse,,,4000,MIN@GB,MIN,GB,,,,,,TE/FLEX
95183-12525,D,Atlanta,Atlanta Falcons,Falcons,5.142857142857143,7,3900,ATL@TEN,ATL,TEN,,,,,,DEF
95183-12543,D,New York,New York Giants,Giants,4.714285714285714,7,3900,NYJ@NYG,NYG,NYJ,,,,,,DEF
95183-12533,D,Green Bay,Green Bay Packers,Packers,6.666666666666667,6,3800,MIN@GB,GB,MIN,,,,,,DEF
95183-12535,D,Indianapolis,Indianapolis Colts,Colts,6,7,3800,NO@IND,IND,NO,,,,,,DEF
95183-12547,D,Pittsburgh,Pittsburgh Steelers,Steelers,10.5,6,3800,JAC@PIT,PIT,JAC,,,,,,DEF
95183-12540,D,Minnesota,Minnesota Vikings,Vikings,8.142857142857142,7,3700,MIN@GB,MIN,GB,,,,,,DEF
95183-12528,D,Cincinnati,Cincinnati Bengals,Bengals,9.5,6,3600,CIN@SF,CIN,SF,,,,,,DEF
95183-12553,D,Carolina,Carolina Panthers,Panthers,4.333333333333333,6,3500,HOU@CAR,CAR,HOU,,,,,,DEF
95183-12538,D,Los Angeles,Los Angeles Rams,Rams,4.285714285714286,7,3400,LAR@DAL,LAR,DAL,,,,,,DEF
95183-12552,D,Washington,Washington Commanders,Commanders,6,7,3300,PHI@WAS,WAS,PHI,,,,,,DEF
95183-12546,D,Arizona,Arizona Cardinals,Cardinals,6.142857142857143,7,3200,BAL@ARI,ARI,BAL,,,,,,DEF
95183-12541,D,New England,New England Patriots,Patriots,4.571428571428571,7,3100,NE@MIA,NE,MIA,,,,,,DEF
95183-12531,D,Denver,Denver Broncos,Broncos,4.857142857142857,7,3000,KC@DEN,DEN,KC,,,,,,DEF